poi_name,poi_id,category,region,best_source_url,official_description,source_count,matched,method,kind
Panorama Reef,Panorama Reef,natural,Hurghada,https://www.padi.com/dive-site/egypt/panorama-north-2/,Panorama reef is one of the biggest and well-known reefs in Safaga. The extent of this single big coral block is 400 meters. Usually you dove at the south point with it&#x27;s exceptional plateau going down to 35 meters. Down there you can see Eagle rays. Unique in this place is a wonderful anemone field sloping down from the surface to 15 meter. More than 40 Anemone fishes are usual seen there. This area is ideal for drift dives. By good weather conditions you can dive on the north side where you can find beautiful coral formations.,1,True,api,authoritative
Sha'ab Abu Nuhas (Shipwreck Reef),Sha'ab Abu Nuhas (Shipwreck Reef),natural,Hurghada,https://www.padi.com/dive-site/egypt/abu-nuhas-ghiannis-d/,"The Loss of the Giannis D: In April 1983, the Giannis D was loaded with sawn timber at Rijeka, Croatia destined for Saudi Arabia and Yemen. The ship made good time through the Mediterranean and down through the Suez Canal. On 19 April 1983 she was approaching the Straits of Gobal at full speed when the ship was seen to suddenly veer sharply from her course and drive hard onto the north west corner of Sha’ab Abu Nuhas Reef. The crew abandoned the vessel and were safely rescued.",1,True,api,authoritative
Tobia Arba (The Seven Pillars),Tobia Arba (The Seven Pillars),natural,Hurghada,https://www.padi.com/dive-site/egypt/tobia-arbaa-7-pillars/,"As the name suggests 7 pillars come up from a depth of 10 to 12 meters, rising up almost to the surface. They are surrounded by small coral where you can find all kinds of fish",1,True,api,authoritative
Abu Dabbab Bay,Abu Dabbab Bay,natural,Marsa Alam,https://www.padi.com/dive-site/egypt/abu-dabbab-1-dive-site/,"Abu Dabbab 1 is one of the most popular dive sites in Marsa Alam, Egypt, offering a unique mix of sandy bottom, coral reefs, and rich seagrass beds. Ideal for all experience levels, this site is famous for encounters with the rare dugong (sea cow) and large green turtles, often seen grazing in the shallow seagrass areas. The calm, clear waters make Abu Dabbab 1 perfect for underwater photography and relaxed diving. Divers can explore vibrant coral gardens teeming with clownfish, lionfish, butterflyfish, and the occasional guitar shark or blue-spotted stingray. The combination of easy shore access, abundant marine life, and excellent visibility makes it a must-visit location in Marsa Alam. Whether you&#x27;re a beginner or a seasoned diver, Abu Dabbab 1 offers unforgettable experiences beneath the surface. Join Blue Ocean Dive Centers &amp; Resorts for guided dives and discover why Abu Dabbab is one of the Red Sea’s most beloved dive sites.",1,True,api,authoritative
Brother Islands (Al Ikhwan),Brother Islands (Al Ikhwan),natural,Marsa Alam,https://www.padi.com/dive-site/egypt/brother-islands/,"Brothers Islands (El Ikhwa) — two remote volcanic islets (Big Brother &amp; Little Brother) 67 km offshore El Quseir, Egypt — is a Red Sea marine park and one of the world’s top 10 dive sites. Accessible only by liveaboard, it’s legendary for pristine vertical walls, iconic wrecks, and big shark encounters. Depth: 5–70 m (walls drop to 600+ m) Current: Strong (1–4 knots; advanced drift only) Visibility: 20–35 m Water Temp: 22–30°C Best Season: Apr–May, Oct–Nov (peak shark action) Type: Wall, drift, wreck, coral garden Big Brother (north) features a historic 1883 lighthouse and two legendary wrecks: Numidia (1901, 15–75 m, cargo ship with rail artifacts) and Aida (1953, 30–65 m, supply vessel). Both are draped in soft corals and teeming with life. Little Brother (south, 1 km away) boasts stunning unspoiled coral walls and is a prime hammerhead spot.",1,True,api,authoritative
Daedalus Reef (Abu Kizan),Daedalus Reef (Abu Kizan),natural,Marsa Alam,https://www.padi.com/dive-site/egypt/daedalus-reef/,"Daedalus Reef (Abu Kizan) is a remote, isolated oceanic reef in the Egyptian Red Sea, ~90 km east of Marsa Alam. A liveaboard-only site, it’s famed as one of the world’s best hammerhead shark dive sites, with epic pelagic encounters and pristine walls. Depth: 5–40 m (drop-offs to 450 m) Current: Moderate to strong (1–4 knots; drift diving) Visibility: 20–40 m Water Temp: 24–30°C Best Season: Apr–May, Oct–Nov (peak hammerhead &amp; oceanic whitetip) Type: Vertical wall, drift, coral plateau, Anemone City A 450 m-long standalone reef marked by a historic 19th-century lighthouse, it rises from abyssal depths. The north tip is the star: exposed to upwellings, it’s the top spot for scalloped hammerhead sharks (often 10+ in a group) and oceanic whitetip sharks. The east/west walls plunge vertically, carpeted in giant hard corals, soft corals, and sea fans. The southern “Anemone City” is a 15 m patch of dense anemones with clownfish colonies.",1,True,api,authoritative
Elphinstone Reef,Elphinstone Reef,natural,Marsa Alam,https://www.padi.com/dive-site/egypt/elphinstone-reef-3/,"Elphinstone Reef, just off the coast of Marsa Alam, Egypt, is one of the Red Sea’s most legendary dive sites. Famous for its dramatic drop-offs, vibrant coral walls, and thrilling encounters with large pelagics, it draws divers from around the world. This iconic reef offers unforgettable dives with steep walls covered in soft corals, swarms of anthias, barracudas, and regular sightings of Oceanic Whitetip Sharks, hammerheads, and turtles. Whether you&#x27;re chasing big fish action or admiring colorful reef life, Elphinstone delivers a world-class underwater experience.",1,True,api,authoritative
Marsa Assalaya,Marsa Assalaya,natural,Marsa Alam,https://www.padi.com/dive-site/egypt/marsa-assalaia/,"Perfect dive site for beginners and expert divers with possibilities to do shallow or deep dives. Well protected bay with entry from the beach, both sides of the bay with a beautiful and colorful reef. In the middle of the bay, there is a big area with seagrass. Possibility to meet green turtles and sea cow in the middle of the bay (big area with seagrass).",1,True,api,authoritative
Marsa Mubarak,Marsa Mubarak,natural,Marsa Alam,https://www.padi.com/dive-site/egypt/marsa-mubarak/,"Marsa Mubarak is a popular diving site located in the southern part of the Red Sea, near the city of Marsa Alam in Egypt. It is known for its pristine coral reefs and abundant marine life, making it a favorite destination for scuba diving and snorkeling enthusiasts. At Marsa Mubarak, divers can explore a variety of dive sites with diverse topography and marine ecosystems. The site features coral gardens, pinnacles, and walls, providing opportunities for both shallow and deep dives. The underwater scenery includes colorful coral formations, vibrant reef fish, and larger marine species such as turtles, dolphins, and occasionally even dugongs. One of the highlights of diving in Marsa Mubarak is the chance to encounter the resident population of endangered sea cows, also known as dugongs. These gentle creatures are known for their graceful movements and can occasionally be spotted in the seagrass meadows near the dive site.",1,True,api,authoritative
Sataya Reef (Dolphin Reef),Sataya Reef (Dolphin Reef),natural,Marsa Alam,https://www.padi.com/dive-site/egypt/sataya-reef-dolphin-house-marsa-alam-divesite/,"Sataya Reef, also known as Dolphin Reef, is one of the most iconic dive and snorkeling destinations in Marsa Alam, Red Sea, Egypt. Famous for its resident pods of spinner dolphins, Sataya offers an extraordinary chance to swim alongside these playful marine mammals in their natural habitat. The reef is also home to a vibrant ecosystem, including clownfish, butterflyfish, parrotfish, groupers, blue-spotted stingrays, and occasionally green sea turtles. The coral formations are rich and colorful, featuring both hard and soft corals that create a spectacular underwater landscape. Whether you&#x27;re diving or snorkeling, Blue Ocean Dive Centers &amp; Resorts Marsa Alam provides expert-guided tours to Sataya, ensuring a safe, respectful, and unforgettable encounter with marine life. Discover the magic of Sataya Reef and experience the beauty of the Red Sea with Blue Ocean, your trusted dive center in Marsa Alam.",1,True,api,authoritative
Sha'ab Marsa Alam,Sha'ab Marsa Alam,natural,Marsa Alam,https://www.padi.com/dive-site/egypt/shaab-marsa-alam/,"Dive site is 10 minutes by boat from Marsa Alam marina. The perfect place for a drift dive (moderate current) around the reef surrounded by magnificent coral gardens! A small wreck can also be discovered on the southside. There you may encounter dolphins, stingrays, sea turtles, scorpionfish, crocodile fish, Napoleon wrasse, and parrotfish.",1,True,api,authoritative
Sha'ab Samadai (Dolphin House),Sha'ab Samadai (Dolphin House),natural,Marsa Alam,https://www.padi.com/dive-site/egypt/shaab-samadai-dolphin-house/,"Sha’ab Samadai, also known as Dolphin House, is a world-renowned marine park in Marsa Alam, Red Sea, Egypt, famous for its natural lagoon where wild spinner dolphins gather regularly. This protected reef offers a magical opportunity to observe and swim near dolphins in their natural habitat. Beyond dolphins, Sha’ab Samadai is home to a vibrant underwater world, including colorful reef fish, parrotfish, clownfish, barracuda, turtles, and blue-spotted stingrays. The reef’s horseshoe shape shelters lush coral gardens and dramatic swim-throughs ideal for both snorkeling and diving. With Blue Ocean Dive Centers &amp; Resorts Marsa Alam, guests enjoy guided, eco-friendly trips that prioritize safety and marine conservation. Whether you&#x27;re a diver or snorkeler, Sha’ab Samadai delivers one of the most unforgettable marine experiences in Marsa Alam. Explore the wonders of Dolphin House with Blue Ocean, your trusted gateway to the Red Sea.",2,True,api,authoritative
Blue Hole,Blue Hole,natural,Sinai,https://www.padi.com/dive-site/egypt/blue-hole-3/,"The Blue Hole/Bells is one of the most famous dive sites in the world, it´s also the dive site that started the hype of diving in Dahab. It&#x27;s the spot for Free divers, Tec divers and Recreational. Usually one enters this site through an open chimney called the Bells. The name comes from the sound of tanks touching the wall as it’s very narrow, only one diver can go down at a time. Divers exit this chimney at approximately 26m and swim to the right along the outer wall of the Blue Hole where majestic overhangs full of corals are waiting to be marveled. You could also spend the day at the comfort of the cafe while you enjoy multiple different profiles at the same site through the hole shore entrance.",1,True,api,authoritative
Ras Abu Galum,Ras Abu Galum,natural,Sinai,https://www.padi.com/dive-site/egypt/ras-abu-galum-south/,"This dive site has an average depth of 20-30m which suits divers of all levels. Diving here is often started at a sandy slope that descends from the shore with the reef wall starting on both sides. Lots of pinnacles, dramatic rock formations and a great variety of marine life can be explored at this dive site. Ras Abu Galum is also the site you want to experience a camping adventure. Accessible only by boat or camel this place offers original Bedouin huts, dinner stargazing and breakfast. Adventure lovers will not be disappointed.",1,True,api,authoritative
Ras Mohammed,Ras Mohammed,natural,Sinai,https://www.padi.com/dive-site/egypt/ras-muhammed-national-park/,"Diving in Ras Mohamed is a top attraction for divers due to its stunning coral reefs and rich marine life. Key highlights include: Home to vibrant ecosystems with diverse hard and soft corals. Popular spots include Shark Reef and Yolanda Reef, known for their beauty and marine life. Encounter species like clownfish, turtles, and even sharks. Clear waters often exceed 30 meters, ideal for underwater exploration. Suitable for all skill levels, with guided tours available. With its breath-taking underwater scenery, Ras Mohamed is a must-visit for diving enthusiasts.",1,True,api,authoritative
Straits of Tiran,Straits of Tiran,natural,Sinai,https://www.padi.com/dive-site/egypt/thomas-reef-straits-of-tiran/,"This is the smallest reef in the Straits, but also one of the most popular. The dive is governed by the weather conditions as the western side is often impossible to pick divers up from. The dive is done as a drift dive with potentially strong currents on the southern and northern ends of the reef. The ends are vertical walls with a large plateau at about 25m on the south eastern side. This plateau often has sleeping sharks on the sand patches and the coral has a fence of Gorgonia fans at the end. After the Gorgonia fans the reef returns to a wall before coming to the corner of the reef, watch the currents. If conditions allow it is possible to go round to the other side of the reef, which is a wall disappearing into the deep.",1,True,api,authoritative
The Canyon (Dahab),The Canyon (Dahab),natural,Sinai,https://www.padi.com/dive-site/egypt/the-canyon-8/,"The Dahab Canyon is the classic canyon, an essential dive for all fanatics of caves and cavern diving. The Canyon is itself quite a phenomenon. Up to 10 meters high and virtually closed over at the top, it snakes its way up from the depths, to emerge in a large glassfish filled coral dome. The Canyon dive site offers an easy entry and exit point through a shallow, sandy lagoon. This leads out to beautiful coral gardens inhabited by Butterflyfishes, Unicornfishes, Octopus, Pufferfish and of course Red Sea Anthias, which can only be fully explored after several visits. The Canyon itself is positioned about five minutes north-east from the exit of the lagoon. The entry to the Canyon is done through it largest point at about 20 meters. The progression through the Canyon is easy and the light effect caused by the sun rays is fantastic",1,True,api,authoritative
Tiran Island,Tiran Island,natural,Sinai,https://www.padi.com/dive-site/egypt/thomas-reef-straits-of-tiran/,"This is the smallest reef in the Straits, but also one of the most popular. The dive is governed by the weather conditions as the western side is often impossible to pick divers up from. The dive is done as a drift dive with potentially strong currents on the southern and northern ends of the reef. The ends are vertical walls with a large plateau at about 25m on the south eastern side. This plateau often has sleeping sharks on the sand patches and the coral has a fence of Gorgonia fans at the end. After the Gorgonia fans the reef returns to a wall before coming to the corner of the reef, watch the currents. If conditions allow it is possible to go round to the other side of the reef, which is a wall disappearing into the deep.",1,True,api,authoritative
Nubian Village,,cultural,Aswan,https://www.experienceegypt.eg/en/city/9/aswan-abu-simbel,Ask a fuluka/boat captain to take you to a beach for a cool and safe dip in the Nile near the Nubian village of Gharb Soheil or on a small island near Philae.,1,True,bs4,thin_tip
Khan el-Khalili,,historical,Cairo,https://www.experienceegypt.eg/en/city/1/cairo-giza,"Khan al-Khalili, Cairo’s iconic medieval bazaar, where you can spend hours or days browsing through a labyrinth of shops and alleyways.",1,True,bs4,thin_tip
Valley of the Queens,,historical,Luxor,https://www.experienceegypt.eg/en/city/22/luxor,Don’t miss the Tomb of Queen Nefertari in the Valley of the Queens with its well-preserved colorful reliefs.,1,True,bs4,thin_tip
Abu Minqar Island,Abu Minqar Island,natural,Hurghada,,,1,False,,target_unmatched
Jabal el Sakka Reef,Jabal el Sakka Reef,natural,Hurghada,,,1,False,,target_unmatched
Magawish Island,Magawish Island,natural,Hurghada,,,1,False,,target_unmatched
Abu Ghusum (Fury Shoals),Abu Ghusum (Fury Shoals),natural,Marsa Alam,,,1,False,,target_unmatched
Habili Nakari,Habili Nakari,natural,Marsa Alam,,,1,False,,target_unmatched
Hamata Islands,Hamata Islands,natural,Marsa Alam,,,1,False,,target_unmatched
Marsa Egla,Marsa Egla,natural,Marsa Alam,,,1,False,,target_unmatched
Marsa Shouna,Marsa Shouna,natural,Marsa Alam,,,1,False,,target_unmatched
Marsa Tondoba,Marsa Tondoba,natural,Marsa Alam,,,1,False,,target_unmatched
Qulaan Lagoon,Qulaan Lagoon,natural,Marsa Alam,,,1,False,,target_unmatched
Rawabil Island (Red Maldives),Rawabil Island (Red Maldives),natural,Marsa Alam,,,1,False,,target_unmatched
Rocky Island,Rocky Island,natural,Marsa Alam,,,1,False,,target_unmatched
Sharm El Luli (Ras Hankorab),Sharm El Luli (Ras Hankorab),natural,Marsa Alam,,,1,False,,target_unmatched
Temple Lagoon Reef,Temple Lagoon Reef,natural,Marsa Alam,,,1,False,,target_unmatched
Zabargad Island (Peridot Hill),Zabargad Island (Peridot Hill),natural,Marsa Alam,,,1,False,,target_unmatched
Blue Lagoon,Blue Lagoon,natural,Sinai,,,1,False,,target_unmatched
Colored Canyon,Colored Canyon,natural,Sinai,,,1,False,,target_unmatched
Ras El Shitan,Ras El Shitan,natural,Sinai,,,1,False,,target_unmatched
White Canyon,White Canyon,natural,Sinai,,,1,False,,target_unmatched
Abu Helal,padi:1026,natural,,https://www.padi.com/dive-site/egypt/abu-helal/,"Ras Abu Helal, also known as &#x27;Little Canyon&#x27; translates as, &#x27;Headland of the Crescent Moon&#x27;, referring to a crescent-shaped reef south of Abu Talha. Abu Helal and Abu Talha can only be dived at high tide in perfect conditions which leads to them being dived much less than other sites making the corals in pristine condition. This site has everything for both technical and recreational diving. The reef encircles a shallow lagoon at about 12m. Outside is a gently sloping bay and on its northern side a broad ridge. The start of this ridge features one of the finest coral garden in the Dahab area and this is the main focus of the dive site. Alternatively there is a deeper canyon dive in 30 - 40m at the end of this ridge.",1,False,api,extra_capture
Abu Kafan North,padi:10127,natural,,https://www.padi.com/dive-site/egypt/abu-kafan-north/,Abu Kafan is one of the most beautiful places here in Safaga. The north place has a great plateau that offers a drop off with beautiful black corals.,1,False,api,extra_capture
Abu Soma Garden,padi:10089,natural,,https://www.padi.com/dive-site/egypt/abu-soma-garden/,This is a beautiful long reef what goes from 1 meter slowly till 30 meters dept and is on the south side of the diving reef Ras Abu Soma. A lot of different corals you will see and sometimes you see a eagly ray or barracudas passing by. Swimming murene and many small fish you will see during your diving. At dept you will have some more sand where you can find crocodile fish,1,False,api,extra_capture
Amphoras Dive Site,padi:10624,natural,,https://www.padi.com/dive-site/egypt/amphoras-dive-site/,"Great place for diving beginners and professionals. A variety of corals and fish will make underwater time interesting and unforgettable. You can meet turtle, stingray, lionfish and many other fish. The maximum depth is 170 meters. There are shallow caves.",1,False,api,extra_capture
Anar Dive Center house reef,padi:7376,natural,,https://www.padi.com/dive-site/egypt/anar-dive-center-house-reef/,"Nice dive for beginner and experience divers. The marine landscape of the reef is a beautiful wall dropping to a depth of more than 180 meters. Extraordinarily rich in multicoloured corals: one of the most concentrated growths on this part of the coast. In particular - the pink soft corals for which the site is named. Dive at an average depth of about 15 m, this is where you will see the largest concentration of soft corals",1,False,api,extra_capture
Anthias Divers House Reef,padi:696,natural,,https://www.padi.com/dive-site/egypt/anthias-divers-house-reef/,"Fancy a lazy day or perhaps it has been a little while since your last dive? Our gorgeous house reef offers something for every diver from beginner to pro. The gentle shore dive allows you to walk in to the water and prepare your self at your own speed, then when you are ready to sink beneath the sparkling turquoise water, you will be able to explore many coral pinnacles at a very leisurely pace with little to no current. We have regular sightings of green turtles and eagle rays in this beautiful spot, along with the usual Red Sea suspects including crocodile fish, lion fish, blue spotted stingray and octopus to name a few.",1,False,api,extra_capture
Bannerfish Bay,padi:1055,natural,,https://www.padi.com/dive-site/egypt/bannerfish-bay/,"Named after the Bannerfish cruising the bay by day and by night, and a site rich in different habitats and sea life. From seagrass hosting Seahorses and Turtles, sandy slopes full of Flounders, ghost Pipefish, Seamoths and Frogfishes to mini reefs rich in biodiversity (Octopus, Morays and a large variety of Shrimps and Scorpionfish). A must for beginners as well as experienced divers, marine biologist fanatics and photographers. The bay also offers great training sites with sand patches and a buoyancy park for advanced training.",1,False,api,extra_capture
Canyon,padi:1025,natural,,https://www.padi.com/dive-site/egypt/canyon-2/,"The Canyon dive site is on the way to the Blue Hole. Most likely you’re going to dive here as well when you go to the Blue Hole. You will have a short swim through a shallow sandy lagoon. The exit of this lagoon and the following pinnacles are just breathtaking and will blow your mind. From 5-20m you’ll find a beautiful garden of corals and then discover the canyon itself – a split between the reef going down to 54m. Beautiful soft and hard corals as well as the chance to see Octopus en masse, making this dive truly amazing.",1,False,api,extra_capture
Careless Reef,padi:22599,natural,,https://www.padi.com/dive-site/egypt/careless-reef/,"Careless Reef is a renowned dive site located near Ras Mohammed, offering an exciting mix of dramatic walls, vibrant coral gardens, and abundant marine life. The site is named for its steep drop-offs and occasionally tricky currents, making it best suited for intermediate to advanced divers. The reef itself is rich in biodiversity, with thriving hard and soft corals, schools of parrotfish, snappers, and large pelagic species like barracudas and jacks often spotted around the reef&#x27;s edges. Divers can explore the vertical walls and deep crevices, where eagle rays, moray eels, and occasionally reef sharks can be seen. With its impressive visibility and variety of marine life, Careless Reef offers an exhilarating dive for those seeking an underwater adventure in the Red Sea’s vibrant marine ecosystem.",1,False,api,extra_capture
Caves,padi:1126,natural,,https://www.padi.com/dive-site/egypt/caves-2/,"The entry to the Caves is a giant stride off the ledge and into the deep blue. The Caves can only be dived in calm conditions as jumping off the ledge can be quite tricky when there are waves crashing on the shore. Once in the water the cave is directly below you and on both the left and right side you will find a shallow reef. The reef that circles the cave is just as attractive as the cave itself with both soft and hard corals being abundant. Here you will often spot large groupers, scorpionfish and morays and a tiger shark has been spotted on a number of occasions. Enter the cave and swim to the back then turn and watch the light shine through the swarms of anthias and bannerfish swimming upside down on the ceiling of the cave, a perfect spot for your safety stop!",1,False,api,extra_capture
Desert Rose Resort House Reef,padi:25042,natural,,https://www.padi.com/dive-site/egypt/desert-rose-resort-house-reef/,"The Beach Dive Hurghada experience with Red Sea Life offers a fast, convenient, and professionally guided way to explore the Red Sea in Hurghada, Egypt directly from the shore. Located at Desert Rose Resort, this shore dive allows you to access vibrant coral reefs and marine life without the need for a boat. This experience is perfect for certified divers searching for scuba diving hurghada, hurghada diving, diving hurghada, red sea diving, scuba diving egypt, and a professional diving center in Hurghada. Designed for certified divers, this experience delivers a 60 minute underwater adventure filled with colorful reefs, tropical fish, and excellent visibility. With Red Sea Life, you enjoy a trusted diving center, professional diving club, experienced hurghada diving center, reliable scuba store hurghada support, and PADI guided service for safe and enjoyable shore diving in Hurghada.",1,False,api,extra_capture
Eel Garden,padi:1027,natural,,https://www.padi.com/dive-site/egypt/eel-garden-3/,"Eel Gardens takes its name from the countless garden eels that carpet the sea floor not far from the entry point of the dive. After walking over the reef plate to the entry spot which is a nine meter canyon, it then broadens into a large sandy area that slopes down gradually. After diving along a jutting reef that lies perpendicular to the main reef the eels slowly come into view, waving to and fro in the current like synchronized swimmers who vanish back into the sand as you approach. Descend to about 20m where you will find a nearly flat section of reef with coral boulders and several table corals. It is quite common to find a thick congregation of barracudas regularly patrolling the area. On your way back at around 5 and 10m you will see healthy, wide range variety of both soft and hard corals and look out here for the rare sea grass ghost pipe-fish.",1,False,api,extra_capture
Eel Garden Dive Urge,padi:17853,natural,,https://www.padi.com/dive-site/egypt/eel-garden-dive-urge/,"A beautiful sunlit sandy bottom covered in a field of Garden Eels. The reef hugging this slope is called Disneyworld locally as the colours and vibrance of the corals and Scholls of fish here. Sightings of Turtles, Eagle Rays as well as large schools of butterfly fish. A photographers paradise...just don&#x27;t kick up the sand!",1,False,api,extra_capture
El Fanadir North,padi:11454,natural,,https://www.padi.com/dive-site/egypt/el-fanadir-north/,"El Fanadir is a reef stretching for 3 kilometers and is around 4 kilometers away from shore and has to be done by boat. The reef has a wall on the north East sides, full of corals and fish. There is a sand bottom between the wall and the drop off where you will find patches of corals. The drop off is paralel to the wall and starts at 18 meters going to 30+. Also there is a shallow sandy lagoon on the south east side of the reef, perfect for beginners.",1,False,api,extra_capture
El Gilwa,padi:22600,natural,,https://www.padi.com/dive-site/egypt/el-gilwa/,"Dive into a captivating underwater realm where the gentle to moderate current flows in from the east, creating the perfect conditions for exhilarating drift dives. Nestled within this beautiful lagoon, you’ll find a sheltered haven, ideal for Open Water courses, where novices can safely explore the wonders of the ocean. Surrounding the lagoon, a collection of stunning coral blocks and pinnacles rise gracefully from the seabed, inviting you to discover their vibrant ecosystems at shallow depths. Here, smaller coral formations are interspersed with sandy patches, providing a picturesque backdrop for your underwater adventures. As you glide through this enchanting setting, keep your eyes peeled for the diverse marine life that calls this place home. Each dive promises a unique experience in this serene, beautiful environment.",1,False,api,extra_capture
El Mina wreck,padi:5135,natural,,https://www.padi.com/dive-site/egypt/el-mina-wreck/,"Rests on a rocky seabed sloping from 25 meters under the bow to 32 meters at the stern. The wreck lies on a northwest-southeast axis on her portside. Before you dive it is recommended to read up on the dramatic history of the wreck. It is usually calm here; in fact the wreck is a very good bad weather alternative for those turning back from a blown out trip to the wrecks at Abu Nuhas. Current can scream through here though from the north, but there is always shelter behind the decks of the ship. Should the current be ripping, please remember to monitor your air frequently. The wreck is only 60 meters to 70 meters long, so no need to rush. The aft section is bristling with winches and anti-aircraft guns whilst the fore-deck guns have been sheared off. The blast-hole area is suitable for penetration, though elsewhere it is inadvisable. All around, on the seabed are live shells – look but don’t touch.",1,False,api,extra_capture
El Shugarat,padi:1127,natural,,https://www.padi.com/dive-site/egypt/el-shugarat/,"El Shugarat is also known as little trees in Arabic, and you will see why. This dive is one you can only made by boat. The captain will drop you off right next to the reef. Descend down and swim along a beautiful reef wall until you come to a sandy bottom. On the deep side of the sandy bottom at around 16 m you will find an impressive open canyon. When you descend between the walls off the canyon, at around 30 m two big black corals will come into view on each side, take time to look for the long nose hawkfish. Exit the canyon to the left and you will swim in to a virtual forest of gorgonian fan corals. As you are flying over this amazing site you will see them scattered down the reef wall out of sight and into the deep. Unbelievable. As you slowly ascend while still soaring over this forest you will return back to the reef table then enter one of the most beautiful lagoons in Dahab. You can see giant table corals and all kinds of life in and around this lagoon. Once returned to the reef wall you see the last set of gorgonians and turning back into the lagoon in search for nudibranches, blue-spotted rays, crocodile fish and many other species. On the end of the lagoon you reach the canyon so take time to throw a last look inside and to get ready for the safety stop.",1,False,api,extra_capture
Emperor Divers House Reef,padi:9951,natural,,https://www.padi.com/dive-site/egypt/emperor-divers-house-reef-2/,"An awesome dive site that fits all levels, from beginner course to technical diving",1,False,api,extra_capture
Far Garden,padi:684,natural,,https://www.padi.com/dive-site/egypt/far-garden/,"Far Garden dive site is the northern headland to the Middle Garden site. It can be dived as either a mooring, semi-drift or drift dive although the current is normally very light. The topography is mainly a sloping wall but at the beginning of the dive there are quite a few large coral pinnacles with some Gorgonian Fan corals. Don’t forget to look out into the blue on this dive, as Far Garden is one of the Sharm el Sheikh local sites which Manta Rays like to frequent.",1,False,api,extra_capture
Gabr el Bint,padi:21376,natural,,https://www.padi.com/dive-site/egypt/gabr-el-bint/,"Gabr el Bint ranks among one of the most attractive sites of North Sinai. With the access by boat, 4x4 or by camel, it is less frequently dived than the other dive sites in Dahab which has left this site in pristine condition. Gabr el Bint means &#x27;The Grave of the Girl&#x27; in Arabic. There are two dives possible here. The ledge is riddled with exquisite coral heads that attract numerous reef species, including swarms of anthias, scorpionfish, parrotfish, crocodilefish, surgeonfish, triggerfish, trumpetfish, stingrays and very often a turtle. At the end of the ledge usually is home to a shoal of black and white snappers and twinspot snappers hang here between 5m and 10m. One of the truly breathtaking dives in Dahab.",1,False,api,extra_capture
Gamul Kebir,padi:10134,natural,,https://www.padi.com/dive-site/egypt/gamul-kebir-2/,"In the north of Gamul Kebir there are different blocks with beautiful soft corals. As you often can see a group of Barracudas, that&#x27;s why it&#x27;s also called Barracuda House. Nice sea grass is in between the blocks. In winter time the strong wind mostly makes diving impossible but at the southern reef it is normally easy to dive",1,False,api,extra_capture
Gamul Kebir,padi:22900,natural,,https://www.padi.com/dive-site/egypt/gamul-kebir/,"Gamul Kebir, also known as Gamul Kabir or Gamul Al Kabeir, is a renowned dive site situated approximately 30 minutes by boat from Safaga, Egypt, in the Red Sea. This site is celebrated for its vibrant marine biodiversity and crystal-clear waters, offering exceptional visibility that makes it a paradise for divers of all levels . Dive Site Overview Depth: The reef rises from a depth of about 15 meters (approximately 50 feet), encircling a lagoon that opens to the west . Structure: The main reef forms a circular formation, with three pinnacles extending to the north. These structures are adorned with soft corals and seagrass beds, providing habitats for a diverse range of marine life . Marine Life: Divers can expect to encounter large schools of barracuda, big-eyed emperor fish, snappers, eagle rays, white-tip reef sharks, and occasionally dugongs. The seagrass areas are home to unique species like sea moths and bluespotted stingrays .",1,False,api,extra_capture
Gamul Soraya,padi:10135,natural,,https://www.padi.com/dive-site/egypt/gamul-soraya/,"Gamul Soraya is a small coral block. The outer side is great to dive. This dive site has different blocks that goes south side. Those blocks are looking stunning and during the dive, when looking in the blue water there you have sometimes an eagle ray",1,False,api,extra_capture
Gasous Sogher,padi:16205,natural,,https://www.padi.com/dive-site/egypt/gasous-sogher/,"An easy entry and exit site, shore dive with a collection of soft and hard corals where you can meet a lot of marine life, clear water and quite dive site",1,False,api,extra_capture
Grand Makadi house reef,padi:20163,natural,,https://www.padi.com/dive-site/egypt/grand-makadi-house-reef/,"The house reef is home to a large variety of marine life, including colorful fish, lion fish, pesci pagliaccio, maccarelli, pesci napoleoni, octopus, leopard ray, stone fish, eagle rays and more and more and very often even turtles. hard and soft corals.",1,False,api,extra_capture
Green Hole,padi:16206,natural,,https://www.padi.com/dive-site/egypt/green-hole/,"An easy entry and exit site, shore dive with a collection of soft and hard corals where you can meet a lot of marine life, clear water and quite dive site , remote location so you will not find a lot of diver most of the time it is our group only.",1,False,api,extra_capture
Gubal Island,padi:1868,natural,,https://www.padi.com/dive-site/egypt/gubal-island/,"Bluff point is a steep wall dive that follows the coastline. There are plenty of small passages and inlets in the rock that hides away a lot of marine life. The reef is full of glassfish, butterflyfish, crocodilefish and a flat-headed scorpionfish. The wreck itself isn&#x27;t much to look at, but it serves as an attraction for marine life.",1,False,api,extra_capture
House Reef - Gorgonia,padi:22639,natural,,https://www.padi.com/dive-site/egypt/house-reef-gorgonia/,"It is possible to dive into the site via the jetty, by taking the giant&#x27;s step or via ladders. Depending on the current, it is possible to dive north or south, keeping close to the wall to admire the beauty this site has to offer. A maximum depth of 30 meters is recommended and plan carefully for greater depths. An excellent dive site for those who have recently started diving and want to practice on themselves. According to local regulations, a surface marker buoy and a dive computer are mandatory. At 18:00 in the evening it is forbidden to dive as it is closed; it is advisable to schedule dives with the local PADI Diving Center for night dives.",1,False,api,extra_capture
Islands,padi:3904,natural,,https://www.padi.com/dive-site/egypt/islands/,"This amazing dive site is located south of Mashraba, about 10 minutes drive from Deep Blue Divers, and is made up of beautiful underwater islands connected by coral mazes. Entry to this dive site is made by walking across the reef top lagoon and then either dropping in over the top of the reef, or entering through one of the holes in the reef and swimming through. There are some lovely coral formations in and amongst the pinnacles. Look for blue spotted rays hiding under the coral whilst you are weaving through the pinnacles. It is also common to see shoals of blackfin barracuda and even the odd lone great barracuda. This is a very scenic site and ideal for a long second or third dive of the day - perfect for photographs. Diving this site can be confusing as there are so many different routes to take.",1,False,api,extra_capture
Jackson Reef,padi:24899,natural,,https://www.padi.com/dive-site/saudi-arabia/jackson-reef/,"Jackson Reef, the northernmost of the four main reefs in the Straits of Tiran (10 km northeast of Sharm El Sheikh, Egypt), is a world-renowned dive site famous for fast drift dives, vibrant coral walls, and big pelagic encounters. Depth: 5–40 m (walls drop to 100+ m) Current: Moderate–strong (1–4 knots; drift only) Visibility: 25–35 m Water Temp: 22–28°C Best Season: Aug–Oct (hammerheads); year-round for coral &amp; reef life Type: Vertical wall, drift, coral garden, wreck (Lara) An oval-shaped reef ~1 km from Tiran Island, it features two iconic dives. The southwest “Aquarium” is a sheltered slope with dense soft corals, sea fans, and anthias—perfect for macro and safety stops. The east “Jackson Drift” is a high-speed wall dive along sheer cliffs covered in hard/soft corals, with strong currents attracting pelagics. The Lara Wreck (1985, 20–30 m) lies on the north side, encrusted with corals and home to reef fish.",1,False,api,extra_capture
Lighthouse,padi:1054,natural,,https://www.padi.com/dive-site/egypt/lighthouse-3/,"Located almost exactly in the center of the town, it offers a huge variety of marine life. Starting with schools of Barracudas, it&#x27;s not rare to meet Napoleon Brasses, Octopus, Scorpion and Crocodile fish between giant pinnacles full with soft and hard corals. So many different options to dive this dive site. One of our favourite approaches is coming behind those giant pinnacles, swim over the saddle into an amazing coral garden with huge table corals and gorgonians. The way back leads again over the saddle and with an awesome coloured reef to your right, you will have more than plenty opportunities to feed your camera.",1,False,api,extra_capture
Makadi house reef,padi:18502,natural,,https://www.padi.com/dive-site/egypt/makadi-house-reef/,"The house reef at IDive Makadi Bay in front of Fort Arabesque Resort is one of the best dive site in this area and at the same time it&#x27;s a great place to learn to dive or to do some easy dives if you are already certified. IDive Makadi Bay house reef: The house reef is home to a large variety of marine life, including colorful fish, lion fish, pesci pagliaccio, maccarelli, pesci napoleoni, octopus, leopard ray, stone fish, eagle rays and more and more and very often even turtles. hard and soft corals. Perfect place for underwater photographers. The house reef is also a great place to learn about marine conservation. IDive Makadi Bay is very sensitive to the issue of the environment, becoming an active member of Greenfins for the protection of corals through sustainable tourism. It organizes house reef cleanups and offers a variety of educational programs that teach divers the importance of protecting the reef in Bay.",1,False,api,extra_capture
Malahi Dive Site,padi:22765,natural,,https://www.padi.com/dive-site/egypt/malahi-dive-site/,"Malahi is one of the most exciting dive sites in Marsa Alam, located within the Sataya Reef system in the Red Sea, Egypt. Known for its maze-like coral canyons and towering reef pinnacles, Malahi offers an unforgettable underwater playground for divers of all levels. The site is rich in marine biodiversity, featuring colorful reef fish such as butterflyfish, angelfish, and parrotfish, as well as larger species like barracuda, trevally, and giant groupers. Swim-throughs filled with light and shadow create perfect conditions for underwater photography. Diving at Malahi with Blue Ocean Dive Centers &amp; Resorts Marsa Alam ensures a safe and professionally guided experience, led by multilingual instructors who know the site inside out. Whether you&#x27;re an adventurous beginner or a seasoned diver, Malahi delivers a truly magical Red Sea dive. Explore it with Blue Ocean Dive Centers &amp; Resorts Marsa Alam, your trusted gateway to Egypt’s best dive sites.",1,False,api,extra_capture
Marsa Shagra House Reef,padi:2130,natural,,https://www.padi.com/dive-site/egypt/marsa-shagra-house-reef/,"Marsa Shagra is one of the richest and most pristine house reefs in the south and has been declared a protected area for the last 20 years. Many pictures of species in Red Sea reef guides like Debelius and Collins where taken here. According to Robert Meyer’s author of Collins claims that there are at least 5 species of endemic species living in this protected bay. The bay is occasionally frequented by pelagic species such as dolphins and manta rays. The house reef is approximately 2km from the north to the south, meeting at a natural protected bay in the middle. Dives are available on both the north and south reef by zodiac and directly from the shore. Zodiac pickup is also available.",1,False,api,extra_capture
Marsa Umm Gerifat,padi:24156,natural,,https://www.padi.com/dive-site/egypt/marsa-umm-gerifat/,"Marsa Umm Gerifat serves as the northern house reef for Coraya Divers and is easily accessible via a short, scenic zodiac trip. This sheltered location remains well-protected from the strong currents and high waves of the open sea, ensuring excellent diving conditions all year round. Early risers may be lucky enough to encounter dolphins, and lucky visitors might even spot manta rays or a dugong entering the bay. The reef is home to beautiful hard and soft corals, numerous turtles, colorful reef fish, and a fascinating variety of macro life.",1,False,api,extra_capture
Marsa Umm Gerifat South,padi:24157,natural,,https://www.padi.com/dive-site/egypt/marsa-umm-gerifat-south/,"Marsa Umm Gerifat South, the renowned house reef for Coraya Divers, offers a world-class shore diving experience in Marsa Alam. This sheltered bay features a stunning sloping reef wall that drops into the vibrant blue. Divers and snorkelers will encounter pristine hard and soft coral gardens teeming with life, including clownfish, blue-spotted rays, and hawksbill turtles. The site is famous for frequent sightings of eagle rays and the occasional dugong. With easy entry points and exceptional visibility, it’s a tranquil paradise perfect for both beginner courses and relaxed dives.",1,False,api,extra_capture
Mashraba,padi:1056,natural,,https://www.padi.com/dive-site/egypt/mashraba/,"At the southern end of Dahab bay is “Mashraba” reef. Often overlooked as a dive site, it seems to throw up more surprises than other dive sites. The sandy slope leads to a magnificent “bommie” called Roman’s rock, heading south we pass over some impressive formations before coming to a “family” of beautiful table corals at around 20 meters. Air permitting, you can continue on to an impressive gorgonian fan, before turning at a pinnacle swarming with glass fish and antheas, and then returning along the shallow reef.",1,False,api,extra_capture
Middle Garden,padi:683,natural,,https://www.padi.com/dive-site/egypt/middle-garden/,"Middle Garden is a large sheltered bay. The site is very protected from the weather making it an ideal site for the first holiday dive or for Discover SCUBA diving dives. The fringing reef drops down between 2-3 meters to a large sandy area. This gently sloping sand area is dotted with small coral heads and is a great space to spot bottom-dwellers like the blue spotted sting ray. The main reef runs the length of the bay and gently slopes down into the blue, it is cut by several sandy ‘roads’ which make navigation easy. Middle Garden is an ideal site to have a relaxing dive over the reef with a chance to see if anything is cruising by in the blue. Once in a while Sharm el Sheikh local sites like Middle Garden can surprise you with a sighting of huge turtles, whale sharks or mantas.",1,False,api,extra_capture
Middle Reef,padi:8669,natural,,https://www.padi.com/dive-site/egypt/middle-reef/,"Middle Reef, as it&#x27;s name already indicates, is placed in between Panorama Reef and Abu Kafan. On it&#x27;s north side a drop off with nice coral formations can be found. The south side lowers slowly to the southern dropp off till a dept of 30 meter. Current dives are possible at the west- and east side",1,False,api,extra_capture
Moray Garden,padi:4211,natural,,https://www.padi.com/dive-site/egypt/moray-garden/,"This site is accessible by car from Dahab in about ten minutes. Getting into the water is fairly easy and is done from the beach. After crossing an area of sand then a seagrass, we arrive at a succession of line of corals starting from the beach and sinking towards the sea. the abundance of corals makes it a very colorful site full of marine life. The return to the exit is through a shallow coral garden in which we regularly encounter geometric moray eels.",1,False,api,extra_capture
Napoleon Reef,padi:1057,natural,,https://www.padi.com/dive-site/egypt/napoleon-reef/,"This site is situated in the Laguna, in the area known as the ‘Spit’. This site best reached by boat or zodiac as it lies approximately 450 metres away from the beach. The huge Madrepore tower is separated by a channel from the half submerged reef. It comes up from a sandy sea bed at around 20 metres and is frequented by plentiful fauna and Napoleonfish to whom the site owes its’ name.",1,False,api,extra_capture
Near Garden,padi:682,natural,,https://www.padi.com/dive-site/egypt/near-garden/,Out of all of the Sharm el Sheikh local sites Near Garden is the closest to our jetty – making it ideal for divers to join our dive boat at midday for the afternoon dive. It is located on the southern headland of Middle Garden or the northern headland of Naama Bay. This dive can be done as a mooring dive but is more popular with divers as a semi –drift dive. Divers normally enter where there are several pinnacles making a ridge down the sharp coral slope. You can then head north along the steep reef until it starts to flatten out as you enter Middle Garden. If the dive is planned as a semi-drift you can spend the last minutes of the dive exploring the fringing reef which has lots of small inlets.,1,False,api,extra_capture
Oberoi House Reed,padi:20851,natural,,https://www.padi.com/dive-site/egypt/oberoi-house-reed/,"The only and exclusive dive site in Hurghda Sahl Hasheesh. Oberoi House Reef is a beautiful dive site, as we have more than 5 dives around in wall over 1km. Multiple and varied dives up to a depth of 30 meters. The site consists of dives with the current, dives in the far south and far north, and coral garden dives in the middle of the site.",1,False,api,extra_capture
Palace House Reef,padi:24182,natural,,https://www.padi.com/dive-site/egypt/palace-house-riff/,"Our beautiful house reef is teeming with diverse fish life at various depths. You have six different diving options at our house reef. There&#x27;s a gentle current and two jetties. Our team will bring your diving equipment to the jetty, and you can start diving right away.",1,False,api,extra_capture
Paradise,padi:15272,natural,,https://www.padi.com/dive-site/egypt/paradise-8/,• Easy dive that does not present any kind of problem. • Varied and colorful landscape. • Great development of soft corals. • Richness of reef fauna. • Site suitable for night diving.,1,False,api,extra_capture
Pro Master - House Reef,padi:22601,natural,,https://www.padi.com/dive-site/egypt/pro-master-house-reef/,"The dive site features a sandy beach entrance that provides easy access to the water, making it ideal for divers of all experience levels. As you enter, you’ll notice an abundance of baby corals spread out on both sides, creating a lively underwater scene that’s perfect for observing marine life up close. At a depth of 19 meters, an old wooden boat wreck rests prominently on the seabed, positioned conveniently in front of the dive center. This wreck serves as a key feature for training and exploration, offering a structured environment for practicing skills during check dives or courses. Its location makes it a convenient and reliable option for instructors and students alike, whether you&#x27;re completing a beginner certification or advancing to more specialized training. The combination of the shallow coral area and the wreck creates a versatile setting that caters to different types of dives while maintaining accessibility and simplicity for all divers. see you soon :)",1,False,api,extra_capture
Ras Abu Soma,padi:8665,natural,,https://www.padi.com/dive-site/egypt/ras-abu-soma-4/,This reef is 2 km long and gently slopes down directly from the coast. More than 5 spots invite to pleasant dives. Sometimes a slight current makes drift diving possible. A drop off can be found between 25 to 30 meters. In its southern part the reef opens into the wonderful coral garden of Abu Soma,1,False,api,extra_capture
Ras EL Torfa - Abu Siyal,padi:12663,natural,,https://www.padi.com/dive-site/egypt/ras-el-torfa-abu-siyal/,"A few dives can be down in the area The boat moors in a natural lagoon that forms the most northern part of a sprawling bay. Here a sand strip that starts at 5mt separates the main reef from a series of beds that form a drop-off. Pufferfish and goatfish can be found on the sand patch and the drop off is covered in anthias and other small fish life. Exploring further south you could spot a turtle or two, but on the way back watch out at 9mt for one of the most picturesque pinnacles in this area, complete with a totally undamaged table coral that plays host to the secretive lemon coral goby",1,False,api,extra_capture
Ras Ghamila,padi:20808,natural,,https://www.padi.com/dive-site/egypt/ras-ghamila/,"Ras Ghamila is an interesting place for a fine semi drift or drift dive that is not too difficult. The dives here are usually easy and pleasant and allow you to observe many coral colonies and mixed fauna, both reef and pelagic",1,False,api,extra_capture
Ras Ghamila,padi:22093,natural,,https://www.padi.com/dive-site/egypt/ras-ghamila-2/,"Situated near the southern tip of the Sinai Peninsula, Ras Ghamila is easily accessible from Sharm El-Sheikh, making it a popular destination for divers. The site is known for its diverse marine ecosystem, including vibrant coral reefs, a variety of fish species, and occasionally sightings of larger marine animals like turtles and dolphins. Visibility is generally good, often exceeding 20 meters, which allows for excellent underwater photography. The reefs at Ras Ghamila are rich in hard and soft corals, providing a stunning backdrop for divers and snorkelers alike. The best diving conditions are usually found between April and November when the water temperatures are warmer and marine life is more active.",1,False,api,extra_capture
Ras Katy,padi:687,natural,,https://www.padi.com/dive-site/egypt/ras-katy/,"Ras Katy is the first dive site from the main marina in Sharm el Mina. The boats normally moor between the fringing reef and the top of the main pinnacle, which reaches up to the surface; making it a popular spot for snorkelers as well as divers. There is a nice sheltered sandy area between the fringing reef and pinnacles which has many pairs of Goby and Shrimp. The pinnacles form a line parallel to the reef plate, which are covered in pretty soft and hard corals. Occasionally currents can pick up especially towards the corner in the direction of Temple.",1,False,api,extra_capture
Ras Nasrani,padi:689,natural,,https://www.padi.com/dive-site/egypt/ras-nasrani/,"One of the most northern Sharm el Sheikh local sites is Ras Nasrani. It is a popular site as it has a varied topography and can be dived as a drift, semi-drift or mooring dive. Just around the headland is the most northern site of Ras Gamila, but this exposed site can only be dived in very calm conditions. Generally the site is dived in a northerly direction but this is subject to currents. The fringing reef plate is peppered with large sandy bays and then the reef forms into an extended plateau with a dense coral covering. The plateau is a good place to see passing pelagic fish and the large Gorgonian fan corals which grow perpendicular to the current.",1,False,api,extra_capture
Ras Um Sid,padi:17511,natural,,https://www.padi.com/dive-site/egypt/ras-um-sid/,"Ras Um Sid is possibly one of the most exciting Sharm el Sheikh local dive sites. It’s a site which has a bit of everything including mixed topography, the potential of pelagic sightings and fast currents. If there is very little current it can be dived as a mooring dive, but be careful that the current doesn’t pick up on the corner making it difficult to return to the exit point whether that is the boat or shore. Preferably it is dived as a semi-drift or drift dive. The dive starts with a steep wall which has a beautiful set of Gorgonian fan corals, it then transforms into a huge plateau. The current tends to whip divers around the corner and occasionally can push them out over the plateau. It is on the plateau that divers can often spot large pelagic species cruising by.",1,False,api,extra_capture
Red Sea College - House Reef,padi:670,natural,,https://www.padi.com/dive-site/egypt/red-sea-college-house-reef/,Naama Bay is a huge bay in the center of the Sharm el Sheikh resort and it just happens to be our very special House Reef. The Red Sea Diving College is literally steps away from the beach entry to this site. Due to the shallow incline of the bay and the large soft sandy patches it is used as the premiere training site from PADI Bubblemakers up to PADI IDC training. However it should not be dismissed as just a place to train. Dive a little deeper into the bay and you will be greeted with vast sea grass fields with hundreds of small critters to spot and grazing rays and turtles. There are large coral pinnacles with a plethora of fish life from tiny reflective glass fish to shy sleek Moray Eels.,1,False,api,extra_capture
Red Tooth Trigger Bay,padi:1051,natural,,https://www.padi.com/dive-site/egypt/red-tooth-trigger-bay/,"Entrance from the shore is easy in most weather, it starts off as stone and after a short distance moves onto a sandy slope. Descend and you will instantly find The Garden, as the local Bedouin call this site. Although it is only over a small area this dive is perfect as corals spread from as deep as 50 m right up to 3 m. Descend over the gradual sandy slope and divers will find that they are surrounded instantaneously by huge schools of banner fish and red tooth triggers which is where the dive site got its name. Corals are found in small pinnacles with both soft and hard corals in pristine conditions. Swim over the table corals which are home to scorpion fish, anemone fish, anthias, puffers and many more. For the micro divers in us nudibranches are often seen here including the spanish dancer, while turtles and eagle rays have also been spotted.",1,False,api,extra_capture
Rick´s Reef,padi:1053,natural,,https://www.padi.com/dive-site/egypt/rick-s-reef/,"Rick’s Reef is located just 300 m north of the Canyon. This shallow drift dive follows the shore south to the canyon with some beautiful coral gardens and reefs. Enter into a small opening in the reef table and descend along a beautiful slope filled with salad corals. At 18 metres swim over numerous table corals. Along the wall you will find a number of pinnacles that populate the area filled with Anthias, coral Groupers, Pufferfish and Parrotfish. After approximately 35 minutes the ‘Fish Bowl’ of the Canyon will come into view. The dive ends with a short swim through the coral garden and a sandy lagoon, which is marked by a couple of coral pinnacles.",1,False,api,extra_capture
Saleem,padi:16215,natural,,https://www.padi.com/dive-site/egypt/saleem/,"An easy entry and exit site, shore dive with a collection of soft and hard corals where you can meet a lot of marine life, clear water and quite dive site , remote location so you will not find a lot of diver most of the time it is our group only.",1,False,api,extra_capture
Salem Express,padi:8664,natural,,https://www.padi.com/dive-site/egypt/salem-express/,"The 100 meter sized ferry Salem Express, sunk in December 1991. It is settled on the bottom of the sea on his portside. The bow lies in a depth of 32 meter whereas the propeller lies at only 14 meters below the surface. Till today there are a lot of objects and debris around the ship. The inner ship, which is declared as a funeral site, is prohibited for divers",1,False,api,extra_capture
Shaab Bagul (North and Southward),padi:8663,natural,,https://www.padi.com/dive-site/egypt/shaab-bagul-north-and-southward/,"At Shaab Bagul you will anchor inside a half opened lagoon, from where you can dive either south- or northward. To the north you follow the main reef block in a depth of 10 up to 15 meters. The southern part offers you different reef blocks and experienced divers can even reach drop off in approximately 30 meter. Inside the lagoon, sometimes big stingrays can be found",1,False,api,extra_capture
Shaab Claude,padi:8662,natural,,https://www.padi.com/dive-site/egypt/shaab-claude/,"This small reef close to Shaab Sheer with a maximum depth of 20 meter has it&#x27;s main reef and also a small, long reef with a big gorgonian that starts at 2 meters en goes to 8 meters",1,False,api,extra_capture
Shaab El Erg,padi:8386,natural,,https://www.padi.com/dive-site/egypt/shaab-el-erg/,Shaab El Erg ( Dolphin House ) is a huge horseshoe shaped reef with plenty of different spots to dive and plenty of marine life to see. One of the famous marine mammals to encounter is Indo-Pacific Bottlenose Dolphins. Shaab El Erg is one of the dive sites which is suitable for all diver levels and non-divers.,1,False,api,extra_capture
Shaab El Erg,padi:24336,natural,,https://www.padi.com/dive-site/egypt/shaab-el-erg-2/,"Shaab El Erg is one of the most beloved dive sites in the Northern Red Sea, famous worldwide as the &quot;Dolphin House.&quot; This massive, horseshoe-shaped reef stretches over several kilometers, creating a calm, turquoise lagoon that serves as a natural sanctuary for a resident pod of wild Indo-Pacific bottlenose dolphins. With its shallow depths and crystal-clear visibility, Shaab El Erg is a paradise for underwater photographers and divers of all levels. It provides the perfect balance of easy, relaxing conditions and the heart-pounding excitement of meeting the ocean’s most charismatic residents in the wild.",1,False,api,extra_capture
Shaab Hamdallah,padi:10090,natural,,https://www.padi.com/dive-site/egypt/shaab-hamdallah/,"Shaab Hamdhallah, the most southern reef of Safaga is even one of the most beautiful. The main cone shaped reef block and a smaller block next to it reach the surface. They are added by several other reef blocks which begin in a depth of 16 - 17 meters. So if you have currant, it is spot for preferable experienced divers.",1,False,api,extra_capture
Shaab Quais,padi:8661,natural,,https://www.padi.com/dive-site/egypt/shaab-quais/,Two small coral blocks with many soft corals. The is a big chance of current in the morning and drop off until 40 meters this splendid reef is offering. Only a matter for experienced divers!!,1,False,api,extra_capture
Shaab Sheer East and West,padi:8660,natural,,https://www.padi.com/dive-site/egypt/shaab-sheer-east-and-west/,The dive sites lie at the east and west side of this 2 km long reef where wonderful coral gardens and caves can be admired. The northern part is ideal for drift dives. The outside of the reef slopes down to 40 meters,1,False,api,extra_capture
Shaab Sheer Soraya,padi:8659,natural,,https://www.padi.com/dive-site/egypt/shaab-sheer-soraya-2/,Shaab Sheer Soraya is one of the southern reefs of Safaga. It&#x27;s a smaller reef with maximum depths round about 17 meters. The fish specialty for this site is a huge amount of Red Sea Banner fishes in the north-east of the reef,1,False,api,extra_capture
Shaab Sheer Soraya,padi:22901,natural,,https://www.padi.com/dive-site/egypt/shaab-sheer-soraya/,"Shaab Sheer Soraya is a captivating dive site situated approximately 800 meters south of the main Shaab Sheer reef in the Safaga region of Egypt&#x27;s Red Sea. This compact, round-shaped reef reaches a maximum depth of about 18 meters, making it an excellent choice for beginner to intermediate divers seeking a relaxed and visually engaging experience . Dive Site Features Topography: The reef is predominantly composed of hard corals, interspersed with numerous small caves and grottos. These structures create enchanting light effects and provide shelter for various marine species Marine Life: Divers can expect to encounter a diverse array of marine life, including scorpionfish, moray eels, nudibranchs, pufferfish, porcupinefish, and blue-spotted stingrays. Schools of fusiliers and bannerfish are also commonly observed in the area .",1,False,api,extra_capture
Sharks Bay - House Reef,padi:15677,natural,,https://www.padi.com/dive-site/egypt/sharks-bay-house-reef/,"Our house reef gently slopes down in a series of ledges that makes it an that site for training dives. It is also a great site for photographers wanting to see the abundant marine life. Whale sharks and mantas visit this bay in the springtime; hence, where the name came from. Eagle rays, giant moray and Napoleon are very common here.",1,False,api,extra_capture
shoab sharm,padi:4383,natural,,https://www.padi.com/dive-site/egypt/shoab-sharm/,"Shaab Sharm is undoubtedly one of the highlights of the coastal reefs of Marsa Alam. The exposed reef lies 12 km off the Egyptian coast and measures 700 m at its longest. Its steep walls descend in steps to a depth of over 200 m letting the currents flow freely around the reef, which leads to rich coral growth and occasionally even attracts big fish. However, night dives are not possible here because of these conditions, and the dive site is unsuitable for beginners-at least some diving experience is required. Shaab Sharm is a popular site for diving safaris to the south, and several groups of divers are often found here at the same time.",1,False,api,extra_capture
Siyul Kebira,padi:5046,natural,,https://www.padi.com/dive-site/egypt/siyul-kebira/,"Siyul Kebira or Big Siyul is one of the Northern Red Sea Islands where you can dive 4 or 5 different spots around the island. This dive site is for all divers levels while it has walls, coral garden, lots of shallow lagoons.",1,False,api,extra_capture
SS Dunraven Wreck,padi:679,natural,,https://www.padi.com/dive-site/egypt/ss-dunraven-wreck/,"This wreck of a British Steamer is on the Southern edge of Sha’ab Mahmoud which is also known as Beacon Rock as the wreck is directly below the South Cardinal Beacon. It is about another hour boat ride past Ras Mohammed and is prone to the weather conditions. Once at the reef there is some protection from the waves but it can still be a little rough. The Dunraven was built in 1873 in Newcastle and hit the reef in 1876. It has sunk in 30m of water right next to the reef wall and is completely upside down in two sections. The length is about 80m and it’s about 10m wide. The stern section is in about 29m to the sand and is open in places for those qualified to enter. This leads to a swim through by the side of the ship’s boiler and out where the wreck has broken in half. The exit being usually filled with glass fish in their thousands. The bow section is in shallower water with loads of places to stick your head into, but nowhere to get in. After the bow section the dive is usually done by fining over the hull which is covered in coral and then moving onto the reef wall and the shallows to finish the dive.",1,False,api,extra_capture
SS Thistlegorm,padi:21045,natural,,https://www.padi.com/dive-site/egypt/ss-thistlegorm/,"The SS Thistlegorm is one of the most famous wrecks in the world. Built in 1940, the SS Thistlegorm was a 126 meter long freighter, carrying military equipment during the World War II. The wreck attracts many divers for the amount of the cargo that can be seen and explored. Boots and motorcycles are visible in Hold No. 1. Trucks, armoured vehicles, motorcycles, Wellington boots, rifles, wings, engine exhaust rings and cylinders are visible in Hold No. 2. Off to the port side of the wreck level with the blast area can be found one of the steam locomotives which had been stored as deck cargo and the other locomotive is off the starboard side level with Hold No. 2.",1,False,api,extra_capture
Temple,padi:686,natural,,https://www.padi.com/dive-site/egypt/temple/,"Temple dive site is in the southern area of Sharm el Sheikh local dive sites. It is a nice easy dive with interesting topography which can keep you exploring for ages. The sight as it names suggests is made up of several massive coral blocks which rise up from the sea bed to within meters of the surface. The main block is surrounded by smaller pinnacles making it look like an ancient underwater temple. The dive is usually done as a mooring dive, so the trick is to get your navigation correct, not to miss the main attraction and return to your boat – which is easier said than done.",1,False,api,extra_capture
Thistlegorm Wreck,padi:22103,natural,,https://www.padi.com/dive-site/egypt/thistlegorm-wreck/,"The SS Thistlegorm is one of the most famous wrecks in the world. Built in 1940, the SS Thistlegorm was a 126 meter long freighter, carrying military equipment during the World War II. The wreck attracts many divers for the amount of the cargo that can be seen and explored. Boots and motorcycles are visible in Hold No. 1. Trucks, armoured vehicles, motorcycles, Wellington boots, rifles, wings, engine exhaust rings and cylinders are visible in Hold No. 2. Off to the port side of the wreck level with the blast area can be found one of the steam locomotives which had been stored as deck cargo and the other locomotive is off the starboard side level with Hold No. 2.",1,False,api,extra_capture
Tiger Reef,padi:1052,natural,,https://www.padi.com/dive-site/egypt/tiger-reef/,,1,False,api,extra_capture
Tobia Hamra,padi:8656,natural,,https://www.padi.com/dive-site/egypt/tobia-hamra/,Beautiful corasl fields gave to this place the name Coral Garden. It really is a paradise for making pictures and videos.,1,False,api,extra_capture
Tobia Kebir,padi:10131,natural,,https://www.padi.com/dive-site/egypt/tobia-kebir/,This is a ideal dive site for all level divers. The inner reef offers many sandy spots for beginner exercise. On the outside of this reef small cave hides lots of Glass fish.,1,False,api,extra_capture
Tobia Soraya,padi:10128,natural,,https://www.padi.com/dive-site/egypt/tobia-soraya/,A colorful reef with blocks of different sizes. To discover there is a small cave at 7 meters full of Glass fishes.,1,False,api,extra_capture
Tower,padi:688,natural,,https://www.padi.com/dive-site/egypt/tower/,"Tower is one of the Sharm el Sheikh local dive sites which offers stunning topography with a dramatic U-Shaped vertical wall formation. This site is normally dived as a drift dive in a southerly direction towards Naama Bay, but can also be dived as a shore dive. Drop in on the wall and swim towards the U-shaped cutting. Just before the entry to this open cutting , there is a pinnacle rising up like a ‘tower’ hence the dive sites name. After exploring the vertical canyon and admiring the amazing light the dive continues along the gently reef slope and can finish on the plateau of the site named Sodfa which has a collection of delicate fan corals",1,False,api,extra_capture
Try Dive,padi:25041,natural,,https://www.padi.com/dive-site/egypt/try-dive/,"The Try Dive Hurghada experience with Red Sea Life is the fastest and easiest way to discover scuba diving for the first time in Hurghada, Egypt. This beginner friendly activity allows you to breathe underwater in a safe swimming pool environment, making it the perfect introduction to the world of diving. It is also a great choice for anyone searching for scuba diving hurghada, hurghada diving, diving hurghada, scuba diving Egypt, snorkeling hurghada, and red sea diving. With Red Sea Life, your first underwater experience starts with a professional diving center, trusted diving club, and PADI guidance in Hurghada. If you are looking for a reliable hurghada diving center, scuba store hurghada, or diving center to try scuba diving for the first time, Try Dive Hurghada is the perfect start.",1,False,api,extra_capture
Um Halhala Divesite,padi:22766,natural,,https://www.padi.com/dive-site/egypt/um-halhala-divesite/,"Um Halhala is a hidden gem among the dive sites of Marsa Alam, located in the pristine waters of the Red Sea, Egypt. Known for its peaceful ambiance and untouched coral formations, Um Halhala offers an ideal dive for those seeking calm conditions and rich biodiversity. Divers can explore vibrant reefs teeming with butterflyfish, angelfish, parrotfish, and anthias, while encounters with groupers, trevally, and barracuda add excitement to the dive. Blue-spotted stingrays, moray eels, and octopus are commonly found hiding among the coral structures. The site’s colorful hard and soft corals create a breathtaking underwater landscape, perfect for underwater photography. With Blue Ocean Dive Centers &amp; Resorts Marsa Alam, divers enjoy safe and expertly guided tours led by experienced instructors. Discover the untouched beauty of Um Halhala with Blue Ocean, your trusted partner for unforgettable diving adventures in Marsa Alam, Red Sea, Egypt.",1,False,api,extra_capture
Um Sid,padi:3905,natural,,https://www.padi.com/dive-site/egypt/um-sid/,"Umm Sid features abundant fish life and a variety of reef structures which are all in exceptional condition as the site was not dived as frequently in the past as others in Dahab. Entry is through a wide corridor carved into a steeply sloping reef. Dive around and beneath a massive coral tongue until you reach a sandy slope inhabited by garden eels. Follow the slope down into a beautiful coral garden, for advanced divers descend down to 30 meters and view the spectacular giant gorgonians. Here you can spot small longnose hawk fish. Ascend up to 18 meters and end the dive by a slow excursion over the table corals and along a reef wall which is covered in soft corals and anthias, look closely and spot the number of nudibranchs of all varieties.",1,False,api,extra_capture
Umm Gamar,padi:22671,natural,,https://www.padi.com/dive-site/egypt/umm-gamar/,"Umm Gamar is also referred to as Umm Gamaar. It means ‘ Mother of the Moon’, allegedly alluding to the crescent shaped wedge of the island. Umm Gamar, surrounded by coral, is approximately 80 minutes sailing from El Gouna to the east and located in open sea. Therefore experience is required for the dramatic deep wall, vertically plungung into deep blue. Descending here is sheer delightful. The moorings are situated over the south plateau. The east side comprosis a stunningly deep wall. It is accentuated by formations of coral of the soft kind. They reach out towards the blue. Photographers won’t be able to ignore the first two formations, perforated with cracks, attracting busy fish life. The next formation features a cavern with a sandy ledgeat its base at around 27 meters.",1,False,api,extra_capture
Umm Usk,padi:1872,natural,,https://www.padi.com/dive-site/egypt/umm-usk/,"Umm Usk or Onghosh as the Red Sea Locals name it. This reef is a horseshoe shaped reef with the open ends of the horseshoe pointing south. It is an ideal site for night dives, confined water training for beginner diver and Dolphin watch. This site is recommended for all levels",1,False,api,extra_capture
yolanda house reef,padi:20191,natural,,https://www.padi.com/dive-site/egypt/yolanda-house-reef/,"Yolanda Reef is the richest coral garden in Ras Mohammed and one of the world&#x27;s best dive sites. Shark and Yolanda reef has a small wall coming from the surface that forms a plateau from 12 to 20m. Many small pinnacles with colorful soft corals and abundant marine life can be found on the plateau. The ship Yolanda crashed on the reef in the 1980s and lay on its side until a storm pushed it over the edge and down to 180m. Some remains of the ship and its cargo still lie in shallow water. Yolanda carried toilets, bathtubs, and sinks, all now encrusted with corals and home to Blue Spotted Stingrays, Scorpion and Stone Fish, Giant Morays, and the resident Napoleon Wrasse.",1,False,api,extra_capture
,,,Aswan,https://www.experienceegypt.eg/en/city/9/aswan-abu-simbel,"Move further south down the Nile from Luxor and embrace the tranquility of Aswan, a city nestled in lush greenery with friendly and welcoming Aswani locals. The beauty of this city is tied up in exquisite landscapes, with deep blue Nile waters contrasting against vibrant green riverbanks and warm deserts beyond.

This timeless city has fascinated travelers for centuries, and there is much to experience. Here, you’ll find quiet islands housing historic temples, a rich Nubian culture to explore with all its warm hospitality, and many more hidden treasures. Take a break from sightseeing and walk through a heavenly botanical garden to enjoy the birdsongs and the scents wafting through the air.

Take a day trip even further south to discover the romantic beauty of Philae Island, the serenity of Lake Nasser, and the fascinating history of the monuments along its banks and on its islands, culminating in the magnificence of the temples of Abu Simbel . Because of their priceless historical significance, all of these sites are registered together as a UNESCO World Heritage Site .

Stand in awe of the sheer might and power of Rameses II’s bid for immortality, gazing at the four colossal statues carved from solid rock. Explore important Nubian temples north of Abu Simbel on the shores of Lake Nasser.

Explore the beauty of Aswan’s indigenous people, the Nubians. Walk through their villages and enjoy their colorful architecture, rich traditions, unique food, shopping, and more.

Sail to Elephantine Island, and then ferry across the Nile to Philae Temple to find some of ancient Egypt’s most precious treasures.

Explore Aswan’s traditional markets, enjoy a peaceful afternoon in the botanical garden, then treat yourself to afternoon tea and sunset gazing on the terrace of the Old Cataract Hotel for unforgettable views of the Nile and Elephantine Island.

When visiting Philae, hop across to the neighboring island by boat for a view of its temples from a different vantage point! Great for photographs when the sunflowers are in bloom.

Ask a fuluka/boat captain to take you to a beach for a cool and safe dip in the Nile near the Nubian village of Gharb Soheil or on a small island near Philae.

Since the time of the ancient Egyptians, hibiscus tea has been served in Nubia. Make sure to try this beverage, served hot or cold, in its place of origin!

Take an early morning bird-watching trip around Elephantine Island to see some magnificent birds and enjoy the peaceful quiet of Aswan.",1,False,bs4,region_context
,,,Cairo & Giza,https://www.experienceegypt.eg/en/city/1/cairo-giza,"Cairo is the capital of Egypt and one of the world’s largest megacities, with a vast metropolitan area stretching out as Greater Cairo to include Giza and the outer suburbs that have developed to the east and west of the city center. The beating heart of the city is nestled and centered around the banks of Egypt’s majestic River Nile and its glistening waters that have served as a lifeline for Egyptians since the dawn of human civilization.

Present-day visitors will still find a flurry of activity on the banks of the river, from lively cafes and strolling couples to gently bobbing felucca s (traditional sailboats) gliding their way across the water. Cairo’s position as a major cultural, economic, and political hub for Africa and the Middle East makes this vibrant, cosmopolitan city a magnet for movers and shakers from all over the region and globe.

From the moment you set foot in Cairo, no matter the time of day or night, all your senses will be awakened. Sorry New York, Cairo is the city that truly never sleeps! Founded in 969, its Arabic name “ Al-Qahira ” translates as “The Victorious.”

Cairenes are always ready to get to know visitors from around the world, and friendly banter runs in their blood. You won’t be leaving Cairo without a new friend or two. If you want to put your finger on the pulse of the social and cultural life of the Middle East, there is nothing that compares to spending time exploring Cairo. Whether your curiosity takes you to the picturesque alleyways of medieval Cairo, the 19 th century French-inspired modern streets and facades of Downtown, or toward a relaxing brunch and massage in one of contemporary Cairo’s upscale neighborhoods, you will surely have an unforgettable experience.

No visit to Egypt is complete without a trip to the famous Giza Pyramids. Venture west across the Nile and head to where the lush green countryside meets the desert in Giza, home to the UNESCO World Heritage Site of Memphis and its Necropolis. Explore a land saturated in ritual, mystery, and cult ceremony. In the shadows of the Giza pyramids, you can begin your journey with a trek from north to south, exploring all the monuments that led to the construction of the most famous structures in the world.

Witness the richness of the city’s Islamic and Coptic historical sites, marveling at the “City of a Thousand Minarets.”

Grab a bite to eat in one of Cairo’s rooftop restaurants and cafes for some panoramic views of the bustling city.

Take a walk in Al-Khayyamiyya (the Tentmakers’ Market) in Old Cairo where you will find an abundance of colorful traditional textiles.

Check out the only remaining part of a palace from the Mamluk Period, the Maqad of al-Amir Mamay al-Sayfi in the Al-Muizz area.

The Sound and Light Show, narrated by The Sphinx himself, retells the secrets and mysterious histories of Khufu, Khafre, and Menkaure.

Bayt al-Suhaymi, a well-preserved example of a home from the Ottoman Period located in Al-Darb al-Asfar.

Khan al-Khalili, Cairo’s iconic medieval bazaar, where you can spend hours or days browsing through a labyrinth of shops and alleyways.",1,False,bs4,region_context
,,,Hurghada,https://www.experienceegypt.eg/en/city/23/hurghada,"What started as a fishing village on the Red Sea is now one of the top tourist destinations in Egypt. Luxury beach resorts, year-long sunshine, stunning coral reefs, and pristine coastline make Hurghada a popular spot for beach lovers from around the world. Grab your swimsuit and head south to plunge into the blue waters and sunbathe on sandy beaches. After a day of water sports, relax with a nice meal of delicious seafood while you watch the sun sink below the horizon.

Hurghada’s traditional markets, marina, cultural spots, and sand dunes are ideal for those seeking adventure on land.

The crystal blue waters and white sandy beaches of Giftun Islands will leave you relaxed and never wanting to leave.

Dive below the sea and explore an abundance of colorful marine or take part in water sports for a fun-filled family vacation.

Ride in the only submarine operating in the Red Sea for an unbeatable panoramic tour under the water.

Hop on a camel for a beach ride led by a Bedouin guide along the shore or take a longer trip to a nearby Bedouin village to see a different side of Hurghada.

Go dolphin watching off the coastline while enjoying a boat ride around Giftun Islands. They’re known to hang out here and love racing with boats while performing tricks!

Go swimming with the dolphins in their natural habitat at Dolphin House, a popular dive site near Hurghada.

Take a boat trip to Mahmeya Island for an entire day of relaxation on the beach, delicious food, and fun activities.",1,False,bs4,region_context
,,,Luxor,https://www.experienceegypt.eg/en/city/22/luxor,"Soak in the sunshine, sink into glorious sunsets, and sail back in time. Luxor, Egypt’s open-air museum, holds the memories and chronicles of ancient Egyptian gods and royalty. Split into two halves, the East Bank and West Bank, by the River Nile, Luxor never fails to mesmerize its visitors. Be prepared to wander through the hallowed halls of time and feel very small standing in the shadows of this city’s massive painted columns, statues, and walls decorated with beautiful reliefs.

Stroll through the halls and courtyards of Luxor and Karnak Temples, the most revered sites in Luxor.

Gaze at the stunning ceiling inside the tomb of Rameses VI with its depiction of the sky goddess Nut.

Don’t miss the Tomb of Queen Nefertari in the Valley of the Queens with its well-preserved colorful reliefs.",1,False,bs4,region_context
,,,Sharm El Sheikh,https://www.experienceegypt.eg/en/city/16/sharm-al-sheikh,"World-renowned for the picturesque marine life that thrives under its turquoise blue waters, Sharm al-Sheikh is a captivating Egyptian Red Sea resort city nestled between Ras Muhammad National Park and the Nabq Protectorate. “Sharm”, as it’s referred to by Egyptians, first appeared on the tourist map in the 1980’s, but back then, it was mostly visited by dive enthusiasts who were captivated by its magnificent coral reefs and virgin beaches.

Fast forward four decades and Sharm al-Sheikh has grown into a full-fledged city with five-star hotels and resorts, restaurants, golf courses, shopping malls, and movie theaters. Its world-class conference facilities have hosted major global conferences and international peace summits, which is why Sharm al-Sheikh is also known as “The City of Peace.""

With an international airport that receives flights from most European countries, Sharm al-Sheikh is an easily accessible beach holiday destination, perfect for both solo adventures and iconic family vacations.

Hike in the mountains and immerse yourself in the peace and serenity of Sinai or go camping in its unique mangrove ecosystem.

Sunbathe under clear blue skies or dive into the sea and marvel at the kaleidoscope of marine life underneath the water.

Play a leisurely game of golf, go soaring across sand dunes, or get a birds-eye view of the bays from a parachute.

Go on a spiritual journey with a sunrise trek up to the top of Mount St Catherineit’s only two and a half hours away by car or bus.

Visit the Sharm al-Sheikh Museum where you can browse through collections depicting human civilization and culture with a focus on ancient Egypt.",1,False,bs4,region_context
Manial Palace Museum,,cultural,Cairo,https://egymonuments.gov.eg/en/museums/manial-palace-museum,The Museum of Prince Muhammad Ali’s Palace in Manial is one of the most beautiful and important historical museum in Egypt. The museum exhibits an important period in the history of modern Egypt and is characterized by its architectural design. Its modern Islamic style merges with Persian and Mam...,1,True,gov_eg,official_gov
Baron Empain Palace,,historical,Cairo,https://egymonuments.gov.eg/en/monuments/baron-empain-palace,"Baron Empain's palace, with its Indian style and tower, stands out in the desert landscape, distinct from the rest of the city. The palace reflects the high status of its owner and marks a major milestone in the urban landscape of Heliopolis. Baron Empain's palace is the most prominent of monumen...",1,True,gov_eg,official_gov
Al-Hakim bi-Amr Allah Mosque,,religious,Cairo,https://egymonuments.gov.eg/en/monuments/mosque-of-al-hakim-bi-amr-allah,"The Mosque of al-Hakim bi-Amr Allah is the fourth oldest mosque in Egypt, and the second largest after the Mosque of ibn Tulun. The construction of the mosque was begun by al-Hakim’s father, the Fatimid Caliph al-Aziz bi Allah in 380 AH/990 AD, but he died before its completion, leaving his son t...",1,True,gov_eg,official_gov
Mosque of Muhammad Ali,,religious,Cairo,https://egymonuments.gov.eg/en/monuments/muhammad-ali-mosque,"The Mosque of Muhammad Ali is located inside the Citadel of Salah al-Din al-Ayyubi (Saladin) in Cairo. It was built by Muhammad Ali Pasha in 1265 AH\ 1848 AD on the site of Mamluk palaces. This mosque is known as the ""Alabaster Mosque"", in reference to its marble paneling on its interior and exte...",1,True,gov_eg,official_gov
Al-Nasir Muhammad Mosque,,religious,Cairo,https://egymonuments.gov.eg/en/monuments/sultan-al-nasir-muhammad-mosque,"The mosque of Sultan al­Nasir Muhammad ibn Qalawun, in the Citadel of Salah al-Din al-Ayyubi (Saladin) in Cairo, was the royal mosque during the Mamluk Period. It is located in the Citadel’s southern section. The Mamluk sultan, al-Nasir Muhammad, has ordered this mosque be built in 718 AH/ 1318 A...",1,True,gov_eg,official_gov
Ibn Tulun Mosque,,religious,Cairo,https://egymonuments.gov.eg/en/monuments/ahmad-ibn-tulun-mosque,"The mosque of Ibn Tulun was commissioned by Ahmad Ibn Tulun (254–270 AH/868–884 AD), ‘Abbasid governor of Egypt, who in 266 AH\ 872 AD ruled Egypt as an independent state.
Construction began in 263 AH/876 AD, and finished in 265 AH/879 AD. Located on Jebal Yashkur (in modern-day Ahmad Ibn Tulun S...",1,True,gov_eg,official_gov
Gayer-Anderson Museum,,cultural,Cairo,https://egymonuments.gov.eg/en/museums/gayer-anderson-museum,"Geyer Anderson Pasha was an English officer who studied medicine in London. He was assigned as a doctor for the English military in 1904 and was deployed in Egypt in 1907.
In 1935, Geyer Anderson submitted a request to the Assembly of Preserving Arab Antiquities to live in the two houses and to f...",1,True,gov_eg,official_gov
The Egyptian Museum,,cultural,Cairo,https://egymonuments.gov.eg/en/museums/egyptian-museum,"The Egyptian Museum is the oldest archaeological museum in the Middle East, and houses the largest collection of Pharaonic antiquities in the world. The museum displays an extensive collection spanning from the Predynastic Period to the Greco-Roman Era.
          The architect of the building was...",1,True,gov_eg,official_gov
Mosque of Sultan Hassan,,religious,Cairo,https://egymonuments.gov.eg/en/monuments/mosque-and-madrasa-of-sultan-hasan,"SeeThe Mosque and Madrasa of Sultan Hasan is one of the largest and architecturally exquisite mosques in all of Egypt. It was commissioned by the Mamluk sultan Hasan ibn al-Nasir Muhammad ibn Qalawun sometime between 757 AH/1356 AD and 764 AH/1362 AD, and is located at the end of Muhammad Ali Str...",1,True,gov_eg,official_gov
Al-Rifa'i Mosque,,religious,Cairo,https://egymonuments.gov.eg/en/monuments/al-rifa-i-mosque,"Located on Salah al-Din Square (or Maydan al-Qal’a “Citadel Square”), al-Rifa’i Mosque was built in the nineteenth century to Equivalent its fourteenth-century neighbor, the mosque of al-Sultan Ḥassan. The mosque gets its name from the tomb of Ali who was known as ""Abu Sheibak"", he was the grands...",1,True,gov_eg,official_gov
National Museum of Egyptian Civilization (NMEC),,cultural,Cairo,https://egymonuments.gov.eg/en/museums/national-museum-of-egyptian-civilization-nmec,"The NMEC is the first of its kind in Egypt and the Arab world. It presents the full range of the richness and diversity of Egyptian civilization throughout the ages, from prehistoric times to the present day by focusing on its continuity and stability as demonstrated by its tangible and intangibl...",1,True,gov_eg,official_gov
Royal Carriages Museum,,cultural,Cairo,https://egymonuments.gov.eg/en/museums/the-royal-carriages-museum,"The Royal carriages Museum in Boulaq is one of the earliest of its kind worldwide, both from the prospect of the authenticity of its building and the originality of its displays. The building was particularly adapted to preserve the cultural heritage of the royal carriages and all related materia...",1,True,gov_eg,official_gov
Hanging Church,,religious,Cairo,https://egymonuments.gov.eg/en/monuments/the-hanging-church,"This church was known as the” Hanging Church“ because it was built over the ruins of Old Cairo‘s Roman fort, and situated near the Coptic Museum.
          The church is made up of a court divided into four wings separated by three rows of marble columns. A wooden semi-circular vaults covers the...",1,True,gov_eg,official_gov
Saints Sergius and Bacchus Church (Abu Serga),,religious,Cairo,https://egymonuments.gov.eg/en/monuments/church-of-saint-sergius-and-bacchus,"The Church of Saint Sergius and Bacchus, also known as Abu Serga, is built upon an ancient Roman fort in Old Cairo. The history of the church is still being debated. Some scholars believe that it dates to the late fourth to early fifth centuries AD, while others believe that it should approximate...",1,True,gov_eg,official_gov
Ben Ezra Synagogue,,religious,Cairo,https://egymonuments.gov.eg/en/monuments/ben-ezra-synagogue,"Ben ‘Ezra Synagogue is the oldest synagogue in Egypt. It was once the center of many celebrations, congregations and prayers, but is no longer in use today. The synagogue is named after Abraham ibn ‘Ezra, the Jewish religious scholar and philosopher.Ben ‘Ezra contains all the main features of a s...",1,True,gov_eg,official_gov
Qalawun Complex,,historical,Cairo,https://egymonuments.gov.eg/en/monuments/madrasa-mausaleum-and-bimaristan-of-al-mansur-qalawun,"This complex is located on al-Mu’izz street. It was established by Sultan Sayf al-Din Qalawun in 683-684 AH/ 1283-1284 AD. It is one of the most beautiful architectural complexes in Egypt dating to the Mamluk period. It consists of a mosque, a school, a burial, and a hospital (bimaristan is a Per...",1,True,gov_eg,official_gov
Sultan Barquq Complex,,historical,Cairo,https://egymonuments.gov.eg/en/monuments/madrasa-and-khanaqah-of-sultan-al-zahir-barquq,"It was established by Sultan al-Zahir Barquq between the years (786-788 AH/1384-1386 AD). It lies in al-Muizz Street, in the centre of one of the largest architectural heritage complexes in the world. It was used as a school to teach the four Islamic school of jurisprudence, a mosque and a Sufi k...",1,True,gov_eg,official_gov
Wekalet El Ghouri,,historical,Cairo,https://egymonuments.gov.eg/en/monuments/al-ghuri-s-wikala,"The founder of this complex, Sultan Qansuh al-Ghuri, was one of the most famous Burgi Mamluk sultans. He ascended the throne in 906 AH / 1501 AD, and ruled until his death in 922 AH / 1516 AD in the battle of Marg Dabiq in northern Syria against the Ottomans.
The complex was constructed between 9...",1,True,gov_eg,official_gov
Al-Ghuri Complex,,historical,Cairo,https://egymonuments.gov.eg/en/monuments/sultan-al-ghuri-complex,"The founder of this complex, Sultan Qansuh al-Ghuri, was one of the most famous circassian mamluk sultans. He ascended the throne in 906 AH / 1501 AD, and ruled until his death in 922 AH / 1516 AD in the battle of Marg Dabiq in northern Syria against the Ottomans.
The complex was constructed in 9...",1,True,gov_eg,official_gov
Al-Mu'izz Street,,historical,Cairo,https://egymonuments.gov.eg/en/archaeological-sites/al-muizz-street,"Al-Muizz Street is named after the Fatimid Caliph, al-Muizz li-Din Allah (341–365 AH / 953–975 AD), who first founded this street. He is also the founder of the Fatimid caliphates in Egypt since he ruled Egypt in (358-365AH\ 969-975AD). Today, it is the largest open-air museum for Islamic m...",1,True,gov_eg,official_gov
Citadel of Cairo (Saladin Citadel),,historical,Cairo,https://egymonuments.gov.eg/en/archaeological-sites/cairo-citadel,"The Citadel of Sultan Salah al-Din al-Ayyubi (Saladin) is one of the most iconic monuments in Islamic Cairo, and among the most impressive defensive fortresses dating to the Middle Ages. Its strategic location on the Muqattam Hills gave it a formidable defensive position, and offered, as it still...",1,True,gov_eg,official_gov
Bab al-Futuh,,historical,Cairo,https://egymonuments.gov.eg/en/monuments/bab-al-futuh,"Bab al-Futuh (Gate of Conquests) is one of the gates in the northern wall of Fatimid Cairo. It opens onto the historic al-Muizz Street, which leads to Bab Zuwayla. It was built by the vizier and commander-in-chief, Badr al-Jamali, during the reign of the Fatimid Caliph al-Mustansir Billah in 480...",1,True,gov_eg,official_gov
Bab al-Nasr,,historical,Cairo,https://egymonuments.gov.eg/en/monuments/bab-al-nasr,"Bab al-Nasr (Gate of Victory) is one of the gates of the northern wall of Fatimid Cairo, and opens onto al-Gamaliya Street. It was built in 480 AH/1087 AD by the vizier and commander-in-chief, Badr al-Jamali, during the reign of Caliph al-Mustansir bi Allah.
          The current Bab al-Nasr disp...",1,True,gov_eg,official_gov
Bab Zuweila,,historical,Cairo,https://egymonuments.gov.eg/en/monuments/bab-zuwayla,"It is one of the gates of the Fatimid Cairo's walls, located on the southern side. It was built by the Fatimid Vizier Badr al-Gamali during the reign of the Fatimid Caliph al-Mustansir in 485 AH/1092 AD, about five years after the construction of the Bab al-Nasr and Bab al-Futuh on the northern s...",1,True,gov_eg,official_gov
Nilometer (Rhoda Island),,historical,Cairo,https://egymonuments.gov.eg/en/monuments/rawda-island-nilometer,"Nilometers, as their name suggests, were used to measure flood levels so that dykes and canals could be prepared accordingly. Flood levels affected agricultural productivity, so another major purpose of Nilometers was to set taxation levels.
Built on the order of the Abbasid Caliph al-Mutawakkil...",1,True,gov_eg,official_gov
Mosque of Amr ibn al-As,,religious,Cairo,https://egymonuments.gov.eg/en/monuments/the-mosque-of-amr-ibn-al-as,"The mosque of ‘Amr ibn al-‘As is the oldest surviving mosque in Egypt and Africa. General ʿAmr ibn al-ʿAs was one of the first companions of the Prophet Muhammad. After conquering Egypt in 20 AH/640 AD, he founded its first Islamic capital, Fustat, which falls within the modern city of Cairo. A y...",1,True,gov_eg,official_gov
Coptic Museum,,cultural,Cairo,https://egymonuments.gov.eg/en/museums/the-coptic-museum,"The Coptic Museum houses the largest collection of Coptic artifacts in the world and was inaugurated in 1910. The museum was established through the efforts of Marcus Simaika Pasha, a prominent Coptic figure who was vested in the preservation of Coptic heritage. Simaika Pasha bought and collected...",1,True,gov_eg,official_gov
Museum of Islamic Art,,cultural,Cairo,https://egymonuments.gov.eg/en/museums/museum-of-islamic-art,"The Museum of Islamic Art contains one of the largest and most extensive collections of Islamic artifacts in the world. The idea of collecting and display the grand collection of artifacts began in 1880 AD. Eventually the building was established and inaugurated in 1903 AD, during the region of K...",1,True,gov_eg,official_gov
Giza Plateau,,historical,Giza,https://egymonuments.gov.eg/en/archaeological-sites/giza-plateau,"The pyramids of Giza and the Great Sphinx are among the most popular tourist destinations in the world, and indeed already were even in Roman times. Each of these spectacular structures served as the final resting place of a king of the 4th Dynasty (c.2613–2494 BC). The Great Pyramid of Giza was...",1,True,gov_eg,official_gov
Great Pyramid of Giza (Khufu),,historical,Giza,https://egymonuments.gov.eg/en/monuments/the-great-pyramid,"The Great Pyramid, the tomb of King Khufu (c.2589–2566 BC), with its original height of 146.5 meters, was the tallest structure in the world for 3,800 years. It remains the last surviving member of the Seven Wonders of the Ancient World, and took an estimated 10 to 20 years to build. To this day,...",1,True,gov_eg,official_gov
Great Sphinx of Giza,,historical,Giza,https://egymonuments.gov.eg/en/monuments/the-great-sphinx,"Colossal statues are one of the hallmarks of ancient Egyptian civilization, and the Great Sphinx of Giza is the most famous. It was carved directly out of the bedrock during the 4th Dynasty (c.2613–2494 BC), which also makes it the oldest. Ancient Egyptian sphinxes represented the king with the b...",1,True,gov_eg,official_gov
Pyramid of Khafre,,historical,Giza,https://egymonuments.gov.eg/en/monuments/pyramid-complex-of-khafre-khefren,"Khafre (c.2558–2532 BC), whom the ancient Greeks knew as Khefren, was a son of King Khufu (Cheops), the builder of the Great Pyramid. He built the second pyramid complex at Giza, and constructed his tomb on slightly higher ground, making it appear just as tall as his father’s. At 143.5 meters in...",1,True,gov_eg,official_gov
Pyramid of Menkaure,,historical,Giza,https://egymonuments.gov.eg/en/monuments/pyramid-complex-of-menkaure,"Menkaure (Mykerinos to the ancient Greeks; c.2532–2503 BC) is the builder of the third of the three large Giza Pyramids. He was most likely the son of Khafre (Khefren), and grandson of Khufu (Cheops). With a base area that is less than a quarter of their pyramids’, and with an original height of...",1,True,gov_eg,official_gov
Saqqara (Step Pyramid),,historical,Giza,https://egymonuments.gov.eg/en/archaeological-sites/saqqara,"Located 40 km southwest of Cairo, Saqqara is one of the most important cemeteries of Memphis, which was itself one of the most important cities in ancient Egyptian history. The name of the site most likely derives from the god of this necropolis, Sokar.
 Saqqara is truly an open-air museum, one t...",1,True,gov_eg,official_gov
Dahshur Pyramids,,historical,Giza,https://egymonuments.gov.eg/en/archaeological-sites/dahshur,"Dahshur was the southern part of the cemetery of Memphis, the capital of ancient Egypt. Pyramids of the kings of the Old and Middle Kingdoms were erected on this hill. The first king of the 4th Dynasty Sneferu chose the rocky plateau of Dahshur to establish his first pyramid to compete with the p...",1,True,gov_eg,official_gov
Bent Pyramid,,historical,Giza,https://egymonuments.gov.eg/en/monuments/the-bent-pyramid,"The Bent Pyramid is one of the pyramids built by King Sneferu, the first king of the Dynasty 4. It was called “bent” because of its broken lines due to a change of angle, an engineering issue in its design. Indeed, the pyramid construction began at an angle of 55 degrees but had to be adjusted to...",1,True,gov_eg,official_gov
Red Pyramid,,historical,Giza,https://egymonuments.gov.eg/en/monuments/the-red-pyramid,"The Red Pyramid is the highest in Dahshur, and its name of “Red” is due to the reddish rusty color of its blocks. It was not this color originally, but a beautiful pure white of limestone of Tura, south of modern Cairo. All pyramids had a casing made of this white limestone, which was reused in m...",1,True,gov_eg,official_gov
Djoser Funerary Complex,,historical,Giza,https://egymonuments.gov.eg/en/monuments/the-step-pyramid-complex-of-djoser,"Djoser’s Step Pyramid in Saqqara is one of Egypt’s most iconic monuments—and rightfully so. It constitutes a significant historical turning point in ancient Egyptian funerary monuments, revolutionizing stone architecture and royal burials. In addition to its beauty and monumental scale, it is not...",1,True,gov_eg,official_gov
Pyramid of Unas,,historical,Giza,https://egymonuments.gov.eg/en/monuments/pyramid-of-unas,"The pyramid of Unas was built in the 5th Dynasty. Despite its size, this pyramid is very significant for having the first example of funerary texts known as Pyramid Texts. These texts were inscribed on the walls of the burial chamber and assisted the deceased pharaoh in his journey to the afterli...",1,True,gov_eg,official_gov
Pyramid of Teti,,historical,Giza,https://egymonuments.gov.eg/en/monuments/pyramid-complex-of-teti,"Teti (c.2345–2323 BC), the first ruler of the Sixth Dynasty, built his pyramidal complex not far from the Step Pyramid of Djoser (c.2667–2648 BC), in Saqqara. Upon completion, it stood 52.5 m tall. Although it was originally encased in blocks of fine limestone, its core consists of small blocks o...",1,True,gov_eg,official_gov
Serapeum of Saqqara,,historical,Giza,https://egymonuments.gov.eg/en/monuments/serapeum,"The Serapeum at Saqqara is the tomb of the sacred Apis bulls that were associated with the god Ptah, whose cult center was in Memphis. An avenue of sphinxes leads to the Serapeum, which is composed of two long corridors that once housed the mummified remains of the bulls. The tomb was in use from...",1,True,gov_eg,official_gov
Mastaba of Mereruka,,historical,Giza,https://egymonuments.gov.eg/en/monuments/tomb-of-mereruka,"Mereruka was vizier during the reigns of Kings Teti (c.2345–2323 BC). As vizier, the highest-ranking official, and husband of a daughter of Teti’s, Mereruka was a very powerful and wealthy man. It is all the more significant that he held this title during the reigns of the first two rulers of the...",1,True,gov_eg,official_gov
Imhotep Museum,,cultural,Giza,https://egymonuments.gov.eg/en/museums/imhotep-museum,"The museum was built at Saqqara area in memory of Imhotep - the architect of the pyramidal tomb of King Djoser, and the first to use stone on a large scale for building an integrated hierarchical group. The museum consists of six halls displaying a varied: statues, coffins, paintings, utensils, a...",1,True,gov_eg,official_gov
Tomb of Meresankh III,,historical,Giza,https://egymonuments.gov.eg/en/monuments/tomb-of-queen-meresankh-iii,"Under the shadow of the Great Pyramid lies the mastaba of Queen Meresankh III, the wife of Khafre and granddaughter of Khufu. Both very large and exquisitely decorated, this is indeed a tomb worthy of her rank and fortunately also contains the best preserved wall reliefs in the Eastern Cemetery....",1,True,gov_eg,official_gov
Luxor Temple,,historical,Luxor,https://egymonuments.gov.eg/en/monuments/luxor-temple,"Luxor Temple, Ipet-resyt “Southern Sanctuary” to the ancient Egyptians, was so called because of its location within ancient Thebes (modern Luxor). It is located around three kilometers to the south of Karnak Temple, to which it was once linked with a processional way bordered with sphinxes. The...",1,True,gov_eg,official_gov
Karnak Temple Complex,,historical,Luxor,https://egymonuments.gov.eg/en/archaeological-sites/karnak,"Aptly called Ipet‑Sut ‘The Most Select of Places’ by the ancient Egyptians, Karnak was one of the most important sites of all. Located on the east bank of Thebes (modern Luxor), Upper Egypt, it is the site of many temples and chapels, and it was in the Great Temple of Amun that the cult of the go...",1,True,gov_eg,official_gov
Valley of the Kings,,historical,Luxor,https://egymonuments.gov.eg/en/archaeological-sites/valley-of-the-kings,"The rulers of the Eighteenth, Nineteenth, and Twentieth Dynasties of Egypt’s prosperous New Kingdom (c.1550–1069 BC) were buried in a desolate dry river valley across the river from the ancient city of Thebes (modern Luxor), hence its modern name of the Valley of the Kings. This moniker is not en...",1,True,gov_eg,official_gov
Temple of Hatshepsut (Deir el-Bahari),,historical,Luxor,https://egymonuments.gov.eg/en/monuments/hatshepsut-temple,"Hatshepsut (c.1473–1458 BC), the queen who became pharaoh, built a magnificent temple at Deir al-Bahari, on the west back of Luxor. It lies directly across the Nile from Karnak Temple, the main sanctuary of the god Amun. Hatshepsut’s temple, Djeser-djeseru “the Holy of Holies” was designed by the...",1,True,gov_eg,official_gov
Tomb of Seti I (KV17),,historical,Luxor,https://egymonuments.gov.eg/en/monuments/tomb-of-sety-i-kv17,"The tomb of Sety I is one of the longest, deepest, and most beautifully decorated tombs in the Valley of the Kings. Sety I (c.1294–1279 BC) was the second king of the Nineteenth Dynasty, and father of Ramesses II (the Great). His tomb, number 17 in the Valley of the Kings, is sometimes called “Be...",1,True,gov_eg,official_gov
Tomb of Tutankhamun (KV62),,historical,Luxor,https://egymonuments.gov.eg/en/monuments/tomb-of-tutankhamun,"The tomb of the Eighteenth Dynasty king Tutankhamun (c.1336–1327 BC) is world-famous because it is the only royal tomb from the Valley of the Kings that was discovered relatively intact. Its discovery in 1922 by Howard Carter made headlines worldwide, and continued to do so as the golden artifact...",1,True,gov_eg,official_gov
Tomb of Ramesses VI (KV9),,historical,Luxor,https://egymonuments.gov.eg/en/monuments/tomb-of-ramesses-vi-kv9,"This tomb was begun by King Ramesses V (c.1147–1143 BC) of the Twentieth Dynasty. Although it is uncertain whether he was ultimately buried here, it is clear that his uncle Ramesses VI (c.1143–1136 BC) enlarged the tomb and used it for his burial.
The tomb is simple in plan, essentially consistin...",1,True,gov_eg,official_gov
Medinet Habu (Mortuary Temple of Ramesses III),,historical,Luxor,https://egymonuments.gov.eg/en/monuments/the-temple-of-medinet-habu,"Ramses III built his mortuary temple, also known as the Temple of Medinet Habu, which is considered an architectural masterpiece due to its beauty and good state of preservation. It was dedicated to performing his funeral rituals, as well as to performing the rituals of worshiping the god Amun. T...",1,True,gov_eg,official_gov
Ramesseum (Mortuary Temple of Ramesses II),,historical,Luxor,https://egymonuments.gov.eg/en/monuments/the-ramesseum-the-temple-of-ramses-ii,"King Ramses II (c.1279-1213 BC), the most famous king of ancient Egypt (who fought a battle against the Hittites), built the Ramesseum Temple, a funerary temple built of sandstone, the temple served as a model for future temples built by different kings.
It consists of the first pylon, which is a...",1,True,gov_eg,official_gov
Mummification Museum,,cultural,Luxor,https://egymonuments.gov.eg/en/museums/mummification-museum,"Mummification museum in Luxor (ancient Thebes), intended to provide an understanding of the process to preserve the body. The ancient Egyptians not only applied embalming to dead humans but also to many animals (Cats, dogs, crocodiles…. etc.). God Anubis(the Jackal) was the god of embalming and m...",1,True,gov_eg,official_gov
Dendera Temple Complex (Temple of Hathor),,historical,Luxor,https://egymonuments.gov.eg/en/monuments/temple-of-dendera,"Hathor was among the most important and popular deities in ancient Egypt. She was associated with music, joy, dance and motherhood; she was also known as the lady of the sky. Her main cult center was at Dendera where one of the best-preserved temples in Egypt stands today. The entrance of the tem...",1,True,gov_eg,official_gov
Temple of Hathor at Dendera,,historical,Luxor,https://egymonuments.gov.eg/en/monuments/temple-of-dendera,"Hathor was among the most important and popular deities in ancient Egypt. She was associated with music, joy, dance and motherhood; she was also known as the lady of the sky. Her main cult center was at Dendera where one of the best-preserved temples in Egypt stands today. The entrance of the tem...",1,True,gov_eg,official_gov
Abu Simbel Temples,,historical,Aswan,https://egymonuments.gov.eg/en/archaeological-sites/abu-simbel,"The Great Temple of Abu Simbel, in Nubia near Egypt’s southern border, is among the most awe-inspiring monuments of Egypt. It was cut into the living rock by King Ramesses II (the Great) of the Nineteenth Dynasty, around 1264 BC. The temple is most well known for the four imposing seated colossal...",1,True,gov_eg,official_gov
Philae Temple (Temple of Isis),,historical,Aswan,https://egymonuments.gov.eg/en/archaeological-sites/philae,"The monuments of Philae include many structures dating predominantly to the Ptolemaic Period (332–30 BC). The most prominent of these is a temple begun by Ptolemy II Philadelphus (285–246 BC), which he dedicated to Isis, the mother of Horus, the god of kingship. A scene in the mammisi, or birth r...",1,True,gov_eg,official_gov
Temple of Kom Ombo,,historical,Aswan,https://egymonuments.gov.eg/en/monuments/kom-ombo-temple,"The site gets its name from Arabic kum ‘mound’, a term found in the names of many archaeological sites, and ‘Ombo’, which ultimately derives from ancient Egyptian Nubt, interpreted as meaning ‘the golden (city).’ The city’s temple is dedicated to two deities: the crocodile god Sobek, and the falc...",1,True,gov_eg,official_gov
Crocodile Museum (Kom Ombo),,cultural,Aswan,https://egymonuments.gov.eg/en/museums/crocodile-museum,"The Crocodile Museum is located next to the Kom Ombo temple, north of Aswan. This museum has highlighted the crocodile-headed god Sobek since it was opened in 2012. Its main exhibition hall displays the mummified mummies of Nile crocodiles. The longest crocodile was 4.30 m, while the smallest was...",1,True,gov_eg,official_gov
Nubia Museum,,cultural,Aswan,https://egymonuments.gov.eg/en/museums/nubia-museum,The Nubian Museum was founded in response to the international salvage campaign of the ancient Nubian monuments initiated by UNESCO upon the request of the Egyptian government in 1960. Work on establishing the Nubian Museum began in the early 1980s when a committee was formed comprising of specia...,1,True,gov_eg,official_gov
Temple of Kalabsha,,historical,Aswan,https://egymonuments.gov.eg/en/monuments/kalabsha-temple,"This beautiful and remarkably well-preserved monument is the largest free-standing temple in Lower Nubia. It was built during the reign of Augustus (30 BC–14 AD), the first Roman emperor. Primarily dedicated to the Nubian god Mandulis, the gods Isis and her husband Osiris were worshipped here too...",1,True,gov_eg,official_gov
Unfinished Obelisk,,historical,Aswan,https://egymonuments.gov.eg/en/monuments/the-unfinished-obelisk,"Obelisks are iconic monuments and masterpieces of ancient Egyptian engineering. They are found throughout Egypt and usually stand in towering pairs in front of entrances to temples. Known in ancient Egyptian language as tekhen, they are made from a single piece of stone with a rectangular shaft a...",1,True,gov_eg,official_gov
Temple of Amada,,historical,Aswan,https://egymonuments.gov.eg/en/monuments/amada-temple,"Built during the 18th Dynasty (c. 1550–1295 BC) in the New Kingdom, the temple of Amada is one of the oldest of the ancient Egyptian monuments lying along the shores of Lake Nasser. The reliefs and inscriptions of the temple are very well preserved because they were covered with a layer of plaste...",1,True,gov_eg,official_gov
Temple of Horus at Edfu,,historical,Aswan,https://egymonuments.gov.eg/en/monuments/temple-of-edfu,"Edfu Temple is one of the most striking and complete of ancient Egyptian temples and is dedicated to the worship of the god Horus. Situated on the western bank of the Nile, its construction began during the reign of Ptolemy III (246–221 BC) in 237 BC, but was completed in the reign of Ptolemy XII...",1,True,gov_eg,official_gov
Sehel Island,,historical,Aswan,https://egymonuments.gov.eg/en/monuments/rock-inscriptions-of-sehel-island,"Sehel Island is one of the largest islands on the Nile, located upstream from the First Cataract in Aswan region. It contained a quarry for the mining of granite, the hardest stone used in ancient Egypt. The island became a popular resting-spot for the king’s army, and trading expeditions making...",1,True,gov_eg,official_gov
Temple of Wadi es-Sebua,,historical,Aswan,https://egymonuments.gov.eg/en/archaeological-sites/temples-of-wadi-al-sebua,The site New Wadi al-Sebua results from the relocation of temples in Nubia after the construction of the Aswan High Dam in the 1960s by the Egyptian government. It is only 4 km northwest of the original site of Wadi al-Sebua. It welcomes several temples about to be covered with the Nile water. It...,1,True,gov_eg,official_gov
Temple of Derr,,historical,Aswan,https://egymonuments.gov.eg/en/monuments/temple-of-al-derr,"This temple cut into the rock was commissioned by the great 19th Dynasty king Rameses II (c. 1279–1213 BC). Its ancient Egyptian name was ‘The Temple of Rameses the Beloved of Amun in the Domain of Ra’. Essentially consisting of two pillared halls and terminating in a sanctuary, it has several in...",1,True,gov_eg,official_gov
Monastery of St. Simeon,,religious,Aswan,https://egymonuments.gov.eg/en/monuments/monastery-of-st-simeon,"The Monastery (Dayr) of Anba (Saint) Hadra is named after a local saint (Coptic: ⲁⲡⲁ ϩⲁⲧⲣⲉ / Apa Hatre) who lived in the late of the 4th and the beginning of the 5th century AD—first as a monk, and finally as the Bishop of Syene (Aswan). Every year on the 21st of December (the 12th of Kiahk in th...",1,True,gov_eg,official_gov
Elephantine Island,,historical,Aswan,https://egymonuments.gov.eg/en/archaeological-sites/elephantine-1,"Elephantine is an archaeological island on the Nile Riverbank, which was the gateway into Egypt for all traders entering from Nubia. 
Many different monuments await you here, including the remains of ancient houses that belongs to the temple of the god of the annual Nile flood khnum , and the tem...",1,True,gov_eg,official_gov
Citadel of Qaitbay,,historical,Alexandria,https://egymonuments.gov.eg/en/monuments/qaitbay-fort,"Qaitbay Citadel is one of the most
important forts on the coast of the Mediterranean Sea. The Mamluk sultan al-Ashraf Abu al-Nasr Qaitbay built it between 882 AH/ 1477 AD and 884/ 1479 AD over the ruins of Alexandria’s Lighthouse. It served as Alexandria’defence against naval attacks.
The citadel...",1,True,gov_eg,official_gov
Alexandria National Museum,,cultural,Alexandria,https://egymonuments.gov.eg/en/museums/alexandria-national-museum,"The building that now houses the museum was originally constructed as a palace for Asaad Basili Pasha, one of Alexandria’s wealthiest figures, who designed it in the Italianate architectural style. In 1996, the Supreme Council of Antiquities acquired the property and later converted it into an ar...",1,True,gov_eg,official_gov
Royal Jewelry Museum,,cultural,Alexandria,https://egymonuments.gov.eg/en/museums/royal-jewelry-museum,"The Royal Jewelry Museum displays the collectibles of the Egyptian royal family, founded by Muhammad Ali Pasha in 1805 and continued to rule for 150 years, until 1952.
Zaynab Fahmi built the palace in 1919 in Zizinya, Alexandria. It served as the residence of Fatma al- Zahra’, daughter of Prince...",1,True,gov_eg,official_gov
Monastery of Abu Mina,,religious,Alexandria,https://egymonuments.gov.eg/en/archaeological-sites/abu-mina-1,"The archaeological site of Abu Mina features a number of structures, many of which are religious in nature. The most prominent of these is the tomb of the eponymous St. Menas (AD 285–309), whose fame during the late Roman Period made the site a popular destination for pilgrims seeking blessings....",1,True,gov_eg,official_gov
Greco-Roman Museum,,cultural,Alexandria,https://egymonuments.gov.eg/en/museums/graeco-roman-museum,"The Graeco-Roman Museum of Alexandria is one of Egypt’s most important cultural landmarks, and the first building in the country to be specially designed for the preservation and display of antiquities. It remains unique as the only museum fully dedicated to the civilization of Egypt during the G...",1,True,gov_eg,official_gov
Saint Catherine's Monastery,,religious,Sinai,https://egymonuments.gov.eg/en/archaeological-sites/saint-catherine-s-monastery,"On the slopes of Mount Sinai, where Moses received the Ten Commandments from God, lies one of the oldest functioning monasteries in the world. Commonly known as Saint Catherine’s Monastery, its actual name is the “Sacred Monastery of the God-Trodden Mount Sinai”. It was built by the order of the...",1,True,gov_eg,official_gov
